elapsed_ms,label,r,g,b
0,brightness_pinned_100,-1,-1,-1
425,sync_black,0,0,0
1440,sync_flash,255,255,255
1569,sync_gap,0,0,0
1862,sync_flash,255,255,255
1994,sync_gap,0,0,0
2283,sync_flash,255,255,255
2412,sync_gap,0,0,0
4205,rate_2_marker,0,0,0
4918,rate_2,255,0,0
5432,rate_2,0,0,255
5945,rate_2,255,0,0
6455,rate_2,0,0,255
6967,rate_2,255,0,0
7480,rate_2,0,0,255
7990,rate_2,255,0,0
8501,rate_2,0,0,255
9012,rate_5_marker,0,0,0
9727,rate_5,255,0,0
9935,rate_5,0,0,255
10146,rate_5,255,0,0
10356,rate_5,0,0,255
10566,rate_5,255,0,0
10777,rate_5,0,0,255
10985,rate_5,255,0,0
11195,rate_5,0,0,255
11404,rate_5,255,0,0
11614,rate_5,0,0,255
11824,rate_5,255,0,0
12032,rate_5,0,0,255
12243,rate_5,255,0,0
12453,rate_5,0,0,255
12665,rate_5,255,0,0
12874,rate_5,0,0,255
13084,rate_5,255,0,0
13292,rate_5,0,0,255
13502,rate_5,255,0,0
13711,rate_5,0,0,255
13925,rate_10_marker,0,0,0
14637,rate_10,255,0,0
14748,rate_10,0,0,255
14856,rate_10,255,0,0
14967,rate_10,0,0,255
15077,rate_10,255,0,0
15192,rate_10,0,0,255
15300,rate_10,255,0,0
15413,rate_10,0,0,255
15522,rate_10,255,0,0
15631,rate_10,0,0,255
15738,rate_10,255,0,0
15846,rate_10,0,0,255
15955,rate_10,255,0,0
16063,rate_10,0,0,255
16173,rate_10,255,0,0
16280,rate_10,0,0,255
16387,rate_10,255,0,0
16495,rate_10,0,0,255
16604,rate_10,255,0,0
16713,rate_10,0,0,255
16823,rate_10,255,0,0
16932,rate_10,0,0,255
17044,rate_10,255,0,0
17156,rate_10,0,0,255
17264,rate_10,255,0,0
17373,rate_10,0,0,255
17485,rate_10,255,0,0
17595,rate_10,0,0,255
17704,rate_10,255,0,0
17813,rate_10,0,0,255
17920,rate_10,255,0,0
18028,rate_10,0,0,255
18139,rate_10,255,0,0
18246,rate_10,0,0,255
18354,rate_10,255,0,0
18462,rate_10,0,0,255
18571,rate_10,255,0,0
18679,rate_10,0,0,255
18789,rate_10,255,0,0
18897,rate_10,0,0,255
19006,rate_15_marker,0,0,0
19718,rate_15,255,0,0
19793,rate_15,0,0,255
19867,rate_15,255,0,0
19942,rate_15,0,0,255
20015,rate_15,255,0,0
20090,rate_15,0,0,255
20164,rate_15,255,0,0
20239,rate_15,0,0,255
20313,rate_15,255,0,0
20388,rate_15,0,0,255
20463,rate_15,255,0,0
20537,rate_15,0,0,255
20613,rate_15,255,0,0
20686,rate_15,0,0,255
20763,rate_15,255,0,0
20838,rate_15,0,0,255
20912,rate_15,255,0,0
20987,rate_15,0,0,255
21061,rate_15,255,0,0
21135,rate_15,0,0,255
21210,rate_15,255,0,0
21283,rate_15,0,0,255
21356,rate_15,255,0,0
21432,rate_15,0,0,255
21507,rate_15,255,0,0
21582,rate_15,0,0,255
21656,rate_15,255,0,0
21731,rate_15,0,0,255
21806,rate_15,255,0,0
21881,rate_15,0,0,255
21954,rate_15,255,0,0
22033,rate_15,0,0,255
22106,rate_15,255,0,0
22182,rate_15,0,0,255
22257,rate_15,255,0,0
22331,rate_15,0,0,255
22422,rate_15,255,0,0
22496,rate_15,0,0,255
22571,rate_15,255,0,0
22645,rate_15,0,0,255
22719,rate_15,255,0,0
22793,rate_15,0,0,255
22867,rate_15,255,0,0
22942,rate_15,0,0,255
23017,rate_15,255,0,0
23092,rate_15,0,0,255
23167,rate_15,255,0,0
23242,rate_15,0,0,255
23317,rate_15,255,0,0
23390,rate_15,0,0,255
23465,rate_15,255,0,0
23543,rate_15,0,0,255
23618,rate_15,255,0,0
23693,rate_15,0,0,255
23768,rate_15,255,0,0
23845,rate_15,0,0,255
23919,rate_15,255,0,0
23993,rate_15,0,0,255
24067,rate_15,255,0,0
24142,rate_15,0,0,255
24216,rate_20_marker,0,0,0
24929,rate_20,255,0,0
24988,rate_20,0,0,255
25046,rate_20,255,0,0
25106,rate_20,0,0,255
25165,rate_20,255,0,0
25225,rate_20,0,0,255
25283,rate_20,255,0,0
25341,rate_20,0,0,255
25400,rate_20,255,0,0
25459,rate_20,0,0,255
25518,rate_20,255,0,0
25576,rate_20,0,0,255
25636,rate_20,255,0,0
25695,rate_20,0,0,255
25759,rate_20,255,0,0
25820,rate_20,0,0,255
25878,rate_20,255,0,0
25937,rate_20,0,0,255
25996,rate_20,255,0,0
26053,rate_20,0,0,255
26113,rate_20,255,0,0
26171,rate_20,0,0,255
26228,rate_20,255,0,0
26286,rate_20,0,0,255
26344,rate_20,255,0,0
26402,rate_20,0,0,255
26461,rate_20,255,0,0
26522,rate_20,0,0,255
26585,rate_20,255,0,0
26643,rate_20,0,0,255
26701,rate_20,255,0,0
26759,rate_20,0,0,255
26817,rate_20,255,0,0
26875,rate_20,0,0,255
26932,rate_20,255,0,0
26990,rate_20,0,0,255
27050,rate_20,255,0,0
27108,rate_20,0,0,255
27165,rate_20,255,0,0
27224,rate_20,0,0,255
27283,rate_20,255,0,0
27342,rate_20,0,0,255
27400,rate_20,255,0,0
27459,rate_20,0,0,255
27520,rate_20,255,0,0
27581,rate_20,0,0,255
27639,rate_20,255,0,0
27697,rate_20,0,0,255
27755,rate_20,255,0,0
27813,rate_20,0,0,255
27871,rate_20,255,0,0
27930,rate_20,0,0,255
27987,rate_20,255,0,0
28047,rate_20,0,0,255
28105,rate_20,255,0,0
28165,rate_20,0,0,255
28223,rate_20,255,0,0
28280,rate_20,0,0,255
28337,rate_20,255,0,0
28395,rate_20,0,0,255
28453,rate_20,255,0,0
28512,rate_20,0,0,255
28572,rate_20,255,0,0
28631,rate_20,0,0,255
28690,rate_20,255,0,0
28747,rate_20,0,0,255
28806,rate_20,255,0,0
28863,rate_20,0,0,255
28922,rate_20,255,0,0
28980,rate_20,0,0,255
29038,rate_20,255,0,0
29096,rate_20,0,0,255
29154,rate_20,255,0,0
29213,rate_20,0,0,255
29271,rate_20,255,0,0
29330,rate_20,0,0,255
29388,rate_20,255,0,0
29448,rate_20,0,0,255
29509,rate_20,255,0,0
29567,rate_20,0,0,255
29626,rate_30_marker,0,0,0
30340,rate_30,255,0,0
30382,rate_30,0,0,255
30428,rate_30,255,0,0
30470,rate_30,0,0,255
30511,rate_30,255,0,0
30554,rate_30,0,0,255
30595,rate_30,255,0,0
30635,rate_30,0,0,255
30676,rate_30,255,0,0
30717,rate_30,0,0,255
30761,rate_30,255,0,0
30803,rate_30,0,0,255
30843,rate_30,255,0,0
30884,rate_30,0,0,255
30926,rate_30,255,0,0
30968,rate_30,0,0,255
31011,rate_30,255,0,0
31055,rate_30,0,0,255
31095,rate_30,255,0,0
31136,rate_30,0,0,255
31178,rate_30,255,0,0
31221,rate_30,0,0,255
31263,rate_30,255,0,0
31303,rate_30,0,0,255
31345,rate_30,255,0,0
31385,rate_30,0,0,255
31429,rate_30,255,0,0
31470,rate_30,0,0,255
31512,rate_30,255,0,0
31561,rate_30,0,0,255
31604,rate_30,255,0,0
31646,rate_30,0,0,255
31692,rate_30,255,0,0
31736,rate_30,0,0,255
31780,rate_30,255,0,0
31821,rate_30,0,0,255
31862,rate_30,255,0,0
31903,rate_30,0,0,255
31944,rate_30,255,0,0
31984,rate_30,0,0,255
32025,rate_30,255,0,0
32066,rate_30,0,0,255
32106,rate_30,255,0,0
32147,rate_30,0,0,255
32188,rate_30,255,0,0
32230,rate_30,0,0,255
32272,rate_30,255,0,0
32313,rate_30,0,0,255
32354,rate_30,255,0,0
32393,rate_30,0,0,255
32436,rate_30,255,0,0
32479,rate_30,0,0,255
32521,rate_30,255,0,0
32565,rate_30,0,0,255
32607,rate_30,255,0,0
32647,rate_30,0,0,255
32687,rate_30,255,0,0
32727,rate_30,0,0,255
32769,rate_30,255,0,0
32810,rate_30,0,0,255
32851,rate_30,255,0,0
32892,rate_30,0,0,255
32932,rate_30,255,0,0
32973,rate_30,0,0,255
33014,rate_30,255,0,0
33056,rate_30,0,0,255
33097,rate_30,255,0,0
33137,rate_30,0,0,255
33180,rate_30,255,0,0
33221,rate_30,0,0,255
33262,rate_30,255,0,0
33306,rate_30,0,0,255
33346,rate_30,255,0,0
33387,rate_30,0,0,255
33433,rate_30,255,0,0
33476,rate_30,0,0,255
33520,rate_30,255,0,0
33565,rate_30,0,0,255
33609,rate_30,255,0,0
33647,rate_30,0,0,255
33687,rate_30,255,0,0
33729,rate_30,0,0,255
33770,rate_30,255,0,0
33812,rate_30,0,0,255
33853,rate_30,255,0,0
33893,rate_30,0,0,255
33933,rate_30,255,0,0
33974,rate_30,0,0,255
34016,rate_30,255,0,0
34060,rate_30,0,0,255
34105,rate_30,255,0,0
34146,rate_30,0,0,255
34187,rate_30,255,0,0
34227,rate_30,0,0,255
34270,rate_30,255,0,0
34310,rate_30,0,0,255
34351,rate_30,255,0,0
34395,rate_30,0,0,255
34435,rate_30,255,0,0
34477,rate_30,0,0,255
34518,rate_30,255,0,0
34560,rate_30,0,0,255
34605,rate_30,255,0,0
34649,rate_30,0,0,255
34692,rate_30,255,0,0
34735,rate_30,0,0,255
34778,rate_30,255,0,0
34821,rate_30,0,0,255
34864,rate_30,255,0,0
34910,rate_30,0,0,255
34951,rate_30,255,0,0
34993,rate_30,0,0,255
35033,rate_30,255,0,0
35076,rate_30,0,0,255
35120,rate_30,255,0,0
35163,rate_30,0,0,255
35203,rate_30,255,0,0
35245,rate_30,0,0,255
35285,rate_30,255,0,0
35327,rate_30,0,0,255
35367,rate_40_marker,0,0,0
36081,rate_40,255,0,0
36114,rate_40,0,0,255
36148,rate_40,255,0,0
36181,rate_40,0,0,255
36214,rate_40,255,0,0
36248,rate_40,0,0,255
36282,rate_40,255,0,0
36315,rate_40,0,0,255
36348,rate_40,255,0,0
36381,rate_40,0,0,255
36414,rate_40,255,0,0
36447,rate_40,0,0,255
36481,rate_40,255,0,0
36513,rate_40,0,0,255
36547,rate_40,255,0,0
36583,rate_40,0,0,255
36618,rate_40,255,0,0
36650,rate_40,0,0,255
36685,rate_40,255,0,0
36717,rate_40,0,0,255
36749,rate_40,255,0,0
36784,rate_40,0,0,255
36819,rate_40,255,0,0
36851,rate_40,0,0,255
36885,rate_40,255,0,0
36919,rate_40,0,0,255
36951,rate_40,255,0,0
36984,rate_40,0,0,255
37017,rate_40,255,0,0
37051,rate_40,0,0,255
37084,rate_40,255,0,0
37117,rate_40,0,0,255
37148,rate_40,255,0,0
37182,rate_40,0,0,255
37215,rate_40,255,0,0
37248,rate_40,0,0,255
37281,rate_40,255,0,0
37313,rate_40,0,0,255
37348,rate_40,255,0,0
37381,rate_40,0,0,255
37415,rate_40,255,0,0
37450,rate_40,0,0,255
37488,rate_40,255,0,0
37522,rate_40,0,0,255
37556,rate_40,255,0,0
37594,rate_40,0,0,255
37628,rate_40,255,0,0
37666,rate_40,0,0,255
37698,rate_40,255,0,0
37730,rate_40,0,0,255
37773,rate_40,255,0,0
37806,rate_40,0,0,255
37838,rate_40,255,0,0
37871,rate_40,0,0,255
37903,rate_40,255,0,0
37936,rate_40,0,0,255
37969,rate_40,255,0,0
38003,rate_40,0,0,255
38035,rate_40,255,0,0
38069,rate_40,0,0,255
38106,rate_40,255,0,0
38139,rate_40,0,0,255
38173,rate_40,255,0,0
38207,rate_40,0,0,255
38238,rate_40,255,0,0
38270,rate_40,0,0,255
38302,rate_40,255,0,0
38335,rate_40,0,0,255
38368,rate_40,255,0,0
38401,rate_40,0,0,255
38433,rate_40,255,0,0
38467,rate_40,0,0,255
38499,rate_40,255,0,0
38531,rate_40,0,0,255
38569,rate_40,255,0,0
38603,rate_40,0,0,255
38636,rate_40,255,0,0
38671,rate_40,0,0,255
38705,rate_40,255,0,0
38737,rate_40,0,0,255
38772,rate_40,255,0,0
38807,rate_40,0,0,255
38839,rate_40,255,0,0
38873,rate_40,0,0,255
38906,rate_40,255,0,0
38939,rate_40,0,0,255
38972,rate_40,255,0,0
39007,rate_40,0,0,255
39040,rate_40,255,0,0
39073,rate_40,0,0,255
39106,rate_40,255,0,0
39140,rate_40,0,0,255
39173,rate_40,255,0,0
39207,rate_40,0,0,255
39240,rate_40,255,0,0
39272,rate_40,0,0,255
39306,rate_40,255,0,0
39340,rate_40,0,0,255
39374,rate_40,255,0,0
39408,rate_40,0,0,255
39440,rate_40,255,0,0
39474,rate_40,0,0,255
39507,rate_40,255,0,0
39540,rate_40,0,0,255
39579,rate_40,255,0,0
39612,rate_40,0,0,255
39647,rate_40,255,0,0
39681,rate_40,0,0,255
39714,rate_40,255,0,0
39746,rate_40,0,0,255
39779,rate_40,255,0,0
39812,rate_40,0,0,255
39844,rate_40,255,0,0
39876,rate_40,0,0,255
39908,rate_40,255,0,0
39941,rate_40,0,0,255
39975,rate_40,255,0,0
40009,rate_40,0,0,255
40042,rate_40,255,0,0
40076,rate_40,0,0,255
40109,rate_40,255,0,0
40141,rate_40,0,0,255
40175,rate_40,255,0,0
40208,rate_40,0,0,255
40241,rate_40,255,0,0
40274,rate_40,0,0,255
40307,rate_40,255,0,0
40339,rate_40,0,0,255
40371,rate_40,255,0,0
40404,rate_40,0,0,255
40444,rate_40,255,0,0
40478,rate_40,0,0,255
40512,rate_40,255,0,0
40551,rate_40,0,0,255
40584,rate_40,255,0,0
40617,rate_40,0,0,255
40648,rate_40,255,0,0
40683,rate_40,0,0,255
40716,rate_40,255,0,0
40750,rate_40,0,0,255
40783,rate_40,255,0,0
40816,rate_40,0,0,255
40848,rate_40,255,0,0
40880,rate_40,0,0,255
40914,rate_40,255,0,0
40945,rate_40,0,0,255
40981,rate_40,255,0,0
41014,rate_40,0,0,255
41046,rate_40,255,0,0
41085,rate_40,0,0,255
41124,rate_40,255,0,0
41157,rate_40,0,0,255
41192,rate_40,255,0,0
41225,rate_40,0,0,255
41258,rate_40,255,0,0
41292,rate_40,0,0,255
41325,rate_40,255,0,0
41360,rate_40,0,0,255
41395,rate_40,255,0,0
41440,rate_40,0,0,255
41475,rate_50_marker,0,0,0
42187,rate_50,255,0,0
42216,rate_50,0,0,255
42244,rate_50,255,0,0
42272,rate_50,0,0,255
42301,rate_50,255,0,0
42327,rate_50,0,0,255
42360,rate_50,255,0,0
42394,rate_50,0,0,255
42422,rate_50,255,0,0
42453,rate_50,0,0,255
42483,rate_50,255,0,0
42512,rate_50,0,0,255
42541,rate_50,255,0,0
42569,rate_50,0,0,255
42597,rate_50,255,0,0
42624,rate_50,0,0,255
42653,rate_50,255,0,0
42682,rate_50,0,0,255
42711,rate_50,255,0,0
42739,rate_50,0,0,255
42779,rate_50,255,0,0
42807,rate_50,0,0,255
42836,rate_50,255,0,0
42864,rate_50,0,0,255
42895,rate_50,255,0,0
42926,rate_50,0,0,255
42955,rate_50,255,0,0
42985,rate_50,0,0,255
43013,rate_50,255,0,0
43048,rate_50,0,0,255
43077,rate_50,255,0,0
43105,rate_50,0,0,255
43132,rate_50,255,0,0
43162,rate_50,0,0,255
43189,rate_50,255,0,0
43217,rate_50,0,0,255
43245,rate_50,255,0,0
43274,rate_50,0,0,255
43302,rate_50,255,0,0
43330,rate_50,0,0,255
43356,rate_50,255,0,0
43385,rate_50,0,0,255
43412,rate_50,255,0,0
43445,rate_50,0,0,255
43473,rate_50,255,0,0
43503,rate_50,0,0,255
43530,rate_50,255,0,0
43563,rate_50,0,0,255
43592,rate_50,255,0,0
43619,rate_50,0,0,255
43650,rate_50,255,0,0
43680,rate_50,0,0,255
43708,rate_50,255,0,0
43736,rate_50,0,0,255
43779,rate_50,255,0,0
43808,rate_50,0,0,255
43835,rate_50,255,0,0
43864,rate_50,0,0,255
43892,rate_50,255,0,0
43920,rate_50,0,0,255
43947,rate_50,255,0,0
43976,rate_50,0,0,255
44007,rate_50,255,0,0
44035,rate_50,0,0,255
44062,rate_50,255,0,0
44090,rate_50,0,0,255
44123,rate_50,255,0,0
44154,rate_50,0,0,255
44183,rate_50,255,0,0
44211,rate_50,0,0,255
44239,rate_50,255,0,0
44266,rate_50,0,0,255
44293,rate_50,255,0,0
44326,rate_50,0,0,255
44353,rate_50,255,0,0
44382,rate_50,0,0,255
44410,rate_50,255,0,0
44439,rate_50,0,0,255
44466,rate_50,255,0,0
44494,rate_50,0,0,255
44522,rate_50,255,0,0
44549,rate_50,0,0,255
44578,rate_50,255,0,0
44605,rate_50,0,0,255
44633,rate_50,255,0,0
44660,rate_50,0,0,255
44688,rate_50,255,0,0
44717,rate_50,0,0,255
44745,rate_50,255,0,0
44775,rate_50,0,0,255
44804,rate_50,255,0,0
44830,rate_50,0,0,255
44859,rate_50,255,0,0
44886,rate_50,0,0,255
44912,rate_50,255,0,0
44942,rate_50,0,0,255
44970,rate_50,255,0,0
44998,rate_50,0,0,255
45025,rate_50,255,0,0
45060,rate_50,0,0,255
45088,rate_50,255,0,0
45117,rate_50,0,0,255
45145,rate_50,255,0,0
45174,rate_50,0,0,255
45204,rate_50,255,0,0
45231,rate_50,0,0,255
45259,rate_50,255,0,0
45286,rate_50,0,0,255
45313,rate_50,255,0,0
45343,rate_50,0,0,255
45371,rate_50,255,0,0
45400,rate_50,0,0,255
45428,rate_50,255,0,0
45456,rate_50,0,0,255
45484,rate_50,255,0,0
45513,rate_50,0,0,255
45539,rate_50,255,0,0
45571,rate_50,0,0,255
45600,rate_50,255,0,0
45628,rate_50,0,0,255
45655,rate_50,255,0,0
45682,rate_50,0,0,255
45711,rate_50,255,0,0
45740,rate_50,0,0,255
45768,rate_50,255,0,0
45799,rate_50,0,0,255
45828,rate_50,255,0,0
45857,rate_50,0,0,255
45886,rate_50,255,0,0
45913,rate_50,0,0,255
45942,rate_50,255,0,0
45969,rate_50,0,0,255
45996,rate_50,255,0,0
46024,rate_50,0,0,255
46052,rate_50,255,0,0
46080,rate_50,0,0,255
46115,rate_50,255,0,0
46145,rate_50,0,0,255
46173,rate_50,255,0,0
46203,rate_50,0,0,255
46232,rate_50,255,0,0
46260,rate_50,0,0,255
46287,rate_50,255,0,0
46316,rate_50,0,0,255
46343,rate_50,255,0,0
46369,rate_50,0,0,255
46400,rate_50,255,0,0
46427,rate_50,0,0,255
46454,rate_50,255,0,0
46484,rate_50,0,0,255
46512,rate_50,255,0,0
46541,rate_50,0,0,255
46569,rate_50,255,0,0
46596,rate_50,0,0,255
46628,rate_50,255,0,0
46652,rate_50,0,0,255
46677,rate_50,255,0,0
46702,rate_50,0,0,255
46729,rate_50,255,0,0
46756,rate_50,0,0,255
46782,rate_50,255,0,0
46811,rate_50,0,0,255
46838,rate_50,255,0,0
46866,rate_50,0,0,255
46893,rate_50,255,0,0
46925,rate_50,0,0,255
46955,rate_50,255,0,0
46987,rate_50,0,0,255
47019,rate_50,255,0,0
47050,rate_50,0,0,255
47084,rate_50,255,0,0
47117,rate_50,0,0,255
47149,rate_50,255,0,0
47179,rate_50,0,0,255
47211,rate_50,255,0,0
47238,rate_50,0,0,255
47268,rate_50,255,0,0
47298,rate_50,0,0,255
47350,rate_50,255,0,0
47390,rate_50,0,0,255
47415,rate_50,255,0,0
47440,rate_50,0,0,255
47465,rate_50,255,0,0
47496,rate_50,0,0,255
47521,rate_50,255,0,0
47549,rate_50,0,0,255
47581,rate_50,255,0,0
47611,rate_50,0,0,255
47644,rate_50,255,0,0
47674,rate_50,0,0,255
47706,rate_50,255,0,0
47735,rate_50,0,0,255
47776,rate_50,255,0,0
47806,rate_50,0,0,255
47835,rate_50,255,0,0
47867,rate_50,0,0,255
47897,rate_50,255,0,0
47929,rate_50,0,0,255
47957,rate_50,255,0,0
47985,rate_50,0,0,255
48013,rate_65_marker,0,0,0
48727,rate_65,255,0,0
48749,rate_65,0,0,255
48776,rate_65,255,0,0
48800,rate_65,0,0,255
48824,rate_65,255,0,0
48849,rate_65,0,0,255
48871,rate_65,255,0,0
48893,rate_65,0,0,255
48914,rate_65,255,0,0
48937,rate_65,0,0,255
48960,rate_65,255,0,0
48985,rate_65,0,0,255
49008,rate_65,255,0,0
49031,rate_65,0,0,255
49054,rate_65,255,0,0
49076,rate_65,0,0,255
49099,rate_65,255,0,0
49121,rate_65,0,0,255
49144,rate_65,255,0,0
49166,rate_65,0,0,255
49189,rate_65,255,0,0
49212,rate_65,0,0,255
49235,rate_65,255,0,0
49258,rate_65,0,0,255
49280,rate_65,255,0,0
49302,rate_65,0,0,255
49325,rate_65,255,0,0
49347,rate_65,0,0,255
49369,rate_65,255,0,0
49393,rate_65,0,0,255
49415,rate_65,255,0,0
49438,rate_65,0,0,255
49464,rate_65,255,0,0
49487,rate_65,0,0,255
49510,rate_65,255,0,0
49533,rate_65,0,0,255
49565,rate_65,255,0,0
49590,rate_65,0,0,255
49615,rate_65,255,0,0
49637,rate_65,0,0,255
49660,rate_65,255,0,0
49683,rate_65,0,0,255
49706,rate_65,255,0,0
49729,rate_65,0,0,255
49754,rate_65,255,0,0
49780,rate_65,0,0,255
49803,rate_65,255,0,0
49827,rate_65,0,0,255
49850,rate_65,255,0,0
49872,rate_65,0,0,255
49895,rate_65,255,0,0
49918,rate_65,0,0,255
49941,rate_65,255,0,0
49964,rate_65,0,0,255
49988,rate_65,255,0,0
50011,rate_65,0,0,255
50033,rate_65,255,0,0
50056,rate_65,0,0,255
50079,rate_65,255,0,0
50101,rate_65,0,0,255
50124,rate_65,255,0,0
50147,rate_65,0,0,255
50170,rate_65,255,0,0
50191,rate_65,0,0,255
50214,rate_65,255,0,0
50236,rate_65,0,0,255
50259,rate_65,255,0,0
50282,rate_65,0,0,255
50306,rate_65,255,0,0
50328,rate_65,0,0,255
50351,rate_65,255,0,0
50375,rate_65,0,0,255
50398,rate_65,255,0,0
50421,rate_65,0,0,255
50453,rate_65,255,0,0
50474,rate_65,0,0,255
50496,rate_65,255,0,0
50519,rate_65,0,0,255
50541,rate_65,255,0,0
50566,rate_65,0,0,255
50590,rate_65,255,0,0
50615,rate_65,0,0,255
50637,rate_65,255,0,0
50661,rate_65,0,0,255
50686,rate_65,255,0,0
50709,rate_65,0,0,255
50731,rate_65,255,0,0
50754,rate_65,0,0,255
50784,rate_65,255,0,0
50808,rate_65,0,0,255
50830,rate_65,255,0,0
50854,rate_65,0,0,255
50877,rate_65,255,0,0
50904,rate_65,0,0,255
50930,rate_65,255,0,0
50956,rate_65,0,0,255
50979,rate_65,255,0,0
51004,rate_65,0,0,255
51026,rate_65,255,0,0
51053,rate_65,0,0,255
51075,rate_65,255,0,0
51104,rate_65,0,0,255
51128,rate_65,255,0,0
51151,rate_65,0,0,255
51173,rate_65,255,0,0
51197,rate_65,0,0,255
51219,rate_65,255,0,0
51242,rate_65,0,0,255
51265,rate_65,255,0,0
51287,rate_65,0,0,255
51311,rate_65,255,0,0
51333,rate_65,0,0,255
51356,rate_65,255,0,0
51378,rate_65,0,0,255
51401,rate_65,255,0,0
51425,rate_65,0,0,255
51449,rate_65,255,0,0
51470,rate_65,0,0,255
51495,rate_65,255,0,0
51517,rate_65,0,0,255
51541,rate_65,255,0,0
51567,rate_65,0,0,255
51591,rate_65,255,0,0
51616,rate_65,0,0,255
51640,rate_65,255,0,0
51662,rate_65,0,0,255
51688,rate_65,255,0,0
51713,rate_65,0,0,255
51735,rate_65,255,0,0
51757,rate_65,0,0,255
51780,rate_65,255,0,0
51805,rate_65,0,0,255
51828,rate_65,255,0,0
51851,rate_65,0,0,255
51873,rate_65,255,0,0
51897,rate_65,0,0,255
51920,rate_65,255,0,0
51946,rate_65,0,0,255
51968,rate_65,255,0,0
51992,rate_65,0,0,255
52014,rate_65,255,0,0
52037,rate_65,0,0,255
52060,rate_65,255,0,0
52084,rate_65,0,0,255
52106,rate_65,255,0,0
52133,rate_65,0,0,255
52157,rate_65,255,0,0
52180,rate_65,0,0,255
52203,rate_65,255,0,0
52226,rate_65,0,0,255
52249,rate_65,255,0,0
52272,rate_65,0,0,255
52294,rate_65,255,0,0
52317,rate_65,0,0,255
52338,rate_65,255,0,0
52362,rate_65,0,0,255
52385,rate_65,255,0,0
52410,rate_65,0,0,255
52434,rate_65,255,0,0
52472,rate_65,0,0,255
52495,rate_65,255,0,0
52518,rate_65,0,0,255
52541,rate_65,255,0,0
52574,rate_65,0,0,255
52599,rate_65,255,0,0
52624,rate_65,0,0,255
52646,rate_65,255,0,0
52670,rate_65,0,0,255
52695,rate_65,255,0,0
52717,rate_65,0,0,255
52740,rate_65,255,0,0
52764,rate_65,0,0,255
52786,rate_65,255,0,0
52810,rate_65,0,0,255
52833,rate_65,255,0,0
52856,rate_65,0,0,255
52879,rate_65,255,0,0
52901,rate_65,0,0,255
52925,rate_65,255,0,0
52948,rate_65,0,0,255
52971,rate_65,255,0,0
52993,rate_65,0,0,255
53017,rate_65,255,0,0
53040,rate_65,0,0,255
53064,rate_65,255,0,0
53085,rate_65,0,0,255
53109,rate_65,255,0,0
53133,rate_65,0,0,255
53156,rate_65,255,0,0
53179,rate_65,0,0,255
53202,rate_65,255,0,0
53225,rate_65,0,0,255
53249,rate_65,255,0,0
53274,rate_65,0,0,255
53297,rate_65,255,0,0
53320,rate_65,0,0,255
53342,rate_65,255,0,0
53365,rate_65,0,0,255
53388,rate_65,255,0,0
53410,rate_65,0,0,255
53433,rate_65,255,0,0
53469,rate_65,0,0,255
53494,rate_65,255,0,0
53517,rate_65,0,0,255
53542,rate_65,255,0,0
53571,rate_65,0,0,255
53597,rate_65,255,0,0
53619,rate_65,0,0,255
53642,rate_65,255,0,0
53665,rate_65,0,0,255
53690,rate_65,255,0,0
53715,rate_65,0,0,255
53740,rate_65,255,0,0
53763,rate_65,0,0,255
53788,rate_65,255,0,0
53812,rate_65,0,0,255
53836,rate_65,255,0,0
53858,rate_65,0,0,255
53881,rate_65,255,0,0
53904,rate_65,0,0,255
53928,rate_65,255,0,0
53949,rate_65,0,0,255
53973,rate_65,255,0,0
53996,rate_65,0,0,255
54020,rate_65,255,0,0
54042,rate_65,0,0,255
54065,rate_65,255,0,0
54086,rate_65,0,0,255
54109,rate_65,255,0,0
54131,rate_65,0,0,255
54156,rate_65,255,0,0
54178,rate_65,0,0,255
54201,rate_65,255,0,0
54223,rate_65,0,0,255
54245,rate_65,255,0,0
54268,rate_65,0,0,255
54290,rate_65,255,0,0
54313,rate_65,0,0,255
54335,rate_65,255,0,0
54358,rate_65,0,0,255
54381,rate_65,255,0,0
54403,rate_65,0,0,255
54424,rate_65,255,0,0
54463,rate_65,0,0,255
54486,rate_65,255,0,0
54508,rate_65,0,0,255
54535,rate_65,255,0,0
54559,rate_65,0,0,255
54585,rate_65,255,0,0
54615,rate_65,0,0,255
54645,rate_65,255,0,0
54668,rate_65,0,0,255
54689,rate_65,255,0,0
54713,rate_65,0,0,255
54734,rate_65,255,0,0
54759,rate_65,0,0,255
54781,rate_65,255,0,0
54805,rate_65,0,0,255
54827,rate_65,255,0,0
54850,rate_65,0,0,255
54872,rate_80_marker,0,0,0
55585,rate_80,255,0,0
55606,rate_80,0,0,255
55626,rate_80,255,0,0
55645,rate_80,0,0,255
55666,rate_80,255,0,0
55687,rate_80,0,0,255
55708,rate_80,255,0,0
55732,rate_80,0,0,255
55755,rate_80,255,0,0
55790,rate_80,0,0,255
55812,rate_80,255,0,0
55833,rate_80,0,0,255
55855,rate_80,255,0,0
55876,rate_80,0,0,255
55902,rate_80,255,0,0
55924,rate_80,0,0,255
55944,rate_80,255,0,0
55963,rate_80,0,0,255
55985,rate_80,255,0,0
56006,rate_80,0,0,255
56027,rate_80,255,0,0
56048,rate_80,0,0,255
56070,rate_80,255,0,0
56090,rate_80,0,0,255
56109,rate_80,255,0,0
56129,rate_80,0,0,255
56147,rate_80,255,0,0
56169,rate_80,0,0,255
56189,rate_80,255,0,0
56207,rate_80,0,0,255
56228,rate_80,255,0,0
56247,rate_80,0,0,255
56267,rate_80,255,0,0
56287,rate_80,0,0,255
56307,rate_80,255,0,0
56327,rate_80,0,0,255
56347,rate_80,255,0,0
56369,rate_80,0,0,255
56390,rate_80,255,0,0
56408,rate_80,0,0,255
56428,rate_80,255,0,0
56448,rate_80,0,0,255
56478,rate_80,255,0,0
56498,rate_80,0,0,255
56520,rate_80,255,0,0
56548,rate_80,0,0,255
56569,rate_80,255,0,0
56589,rate_80,0,0,255
56607,rate_80,255,0,0
56627,rate_80,0,0,255
56646,rate_80,255,0,0
56667,rate_80,0,0,255
56686,rate_80,255,0,0
56706,rate_80,0,0,255
56725,rate_80,255,0,0
56744,rate_80,0,0,255
56769,rate_80,255,0,0
56792,rate_80,0,0,255
56813,rate_80,255,0,0
56834,rate_80,0,0,255
56853,rate_80,255,0,0
56873,rate_80,0,0,255
56892,rate_80,255,0,0
56912,rate_80,0,0,255
56931,rate_80,255,0,0
56952,rate_80,0,0,255
56972,rate_80,255,0,0
56992,rate_80,0,0,255
57012,rate_80,255,0,0
57032,rate_80,0,0,255
57052,rate_80,255,0,0
57072,rate_80,0,0,255
57091,rate_80,255,0,0
57109,rate_80,0,0,255
57128,rate_80,255,0,0
57156,rate_80,0,0,255
57177,rate_80,255,0,0
57197,rate_80,0,0,255
57217,rate_80,255,0,0
57236,rate_80,0,0,255
57255,rate_80,255,0,0
57275,rate_80,0,0,255
57296,rate_80,255,0,0
57317,rate_80,0,0,255
57337,rate_80,255,0,0
57356,rate_80,0,0,255
57376,rate_80,255,0,0
57396,rate_80,0,0,255
57415,rate_80,255,0,0
57436,rate_80,0,0,255
57464,rate_80,255,0,0
57485,rate_80,0,0,255
57505,rate_80,255,0,0
57525,rate_80,0,0,255
57545,rate_80,255,0,0
57567,rate_80,0,0,255
57587,rate_80,255,0,0
57606,rate_80,0,0,255
57625,rate_80,255,0,0
57644,rate_80,0,0,255
57664,rate_80,255,0,0
57683,rate_80,0,0,255
57703,rate_80,255,0,0
57724,rate_80,0,0,255
57743,rate_80,255,0,0
57762,rate_80,0,0,255
57785,rate_80,255,0,0
57806,rate_80,0,0,255
57827,rate_80,255,0,0
57846,rate_80,0,0,255
57866,rate_80,255,0,0
57886,rate_80,0,0,255
57905,rate_80,255,0,0
57924,rate_80,0,0,255
57943,rate_80,255,0,0
57963,rate_80,0,0,255
57982,rate_80,255,0,0
58003,rate_80,0,0,255
58022,rate_80,255,0,0
58047,rate_80,0,0,255
58068,rate_80,255,0,0
58089,rate_80,0,0,255
58111,rate_80,255,0,0
58128,rate_80,0,0,255
58151,rate_80,255,0,0
58172,rate_80,0,0,255
58194,rate_80,255,0,0
58217,rate_80,0,0,255
58238,rate_80,255,0,0
58256,rate_80,0,0,255
58278,rate_80,255,0,0
58300,rate_80,0,0,255
58320,rate_80,255,0,0
58341,rate_80,0,0,255
58360,rate_80,255,0,0
58380,rate_80,0,0,255
58401,rate_80,255,0,0
58421,rate_80,0,0,255
58441,rate_80,255,0,0
58462,rate_80,0,0,255
58482,rate_80,255,0,0
58504,rate_80,0,0,255
58523,rate_80,255,0,0
58544,rate_80,0,0,255
58566,rate_80,255,0,0
58586,rate_80,0,0,255
58605,rate_80,255,0,0
58624,rate_80,0,0,255
58648,rate_80,255,0,0
58668,rate_80,0,0,255
58689,rate_80,255,0,0
58710,rate_80,0,0,255
58729,rate_80,255,0,0
58748,rate_80,0,0,255
58768,rate_80,255,0,0
58791,rate_80,0,0,255
58809,rate_80,255,0,0
58825,rate_80,0,0,255
58841,rate_80,255,0,0
58859,rate_80,0,0,255
58877,rate_80,255,0,0
58895,rate_80,0,0,255
58911,rate_80,255,0,0
58927,rate_80,0,0,255
58945,rate_80,255,0,0
58962,rate_80,0,0,255
58978,rate_80,255,0,0
58995,rate_80,0,0,255
59011,rate_80,255,0,0
59028,rate_80,0,0,255
59045,rate_80,255,0,0
59062,rate_80,0,0,255
59080,rate_80,255,0,0
59095,rate_80,0,0,255
59112,rate_80,255,0,0
59129,rate_80,0,0,255
59146,rate_80,255,0,0
59171,rate_80,0,0,255
59188,rate_80,255,0,0
59205,rate_80,0,0,255
59222,rate_80,255,0,0
59238,rate_80,0,0,255
59254,rate_80,255,0,0
59270,rate_80,0,0,255
59287,rate_80,255,0,0
59304,rate_80,0,0,255
59320,rate_80,255,0,0
59337,rate_80,0,0,255
59354,rate_80,255,0,0
59371,rate_80,0,0,255
59387,rate_80,255,0,0
59404,rate_80,0,0,255
59420,rate_80,255,0,0
59437,rate_80,0,0,255
59458,rate_80,255,0,0
59474,rate_80,0,0,255
59492,rate_80,255,0,0
59508,rate_80,0,0,255
59525,rate_80,255,0,0
59545,rate_80,0,0,255
59567,rate_80,255,0,0
59586,rate_80,0,0,255
59602,rate_80,255,0,0
59620,rate_80,0,0,255
59640,rate_80,255,0,0
59656,rate_80,0,0,255
59673,rate_80,255,0,0
59689,rate_80,0,0,255
59707,rate_80,255,0,0
59723,rate_80,0,0,255
59741,rate_80,255,0,0
59758,rate_80,0,0,255
59791,rate_80,255,0,0
59809,rate_80,0,0,255
59825,rate_80,255,0,0
59843,rate_80,0,0,255
59859,rate_80,255,0,0
59876,rate_80,0,0,255
59892,rate_80,255,0,0
59909,rate_80,0,0,255
59927,rate_80,255,0,0
59945,rate_80,0,0,255
59962,rate_80,255,0,0
59978,rate_80,0,0,255
59995,rate_80,255,0,0
60013,rate_80,0,0,255
60029,rate_80,255,0,0
60046,rate_80,0,0,255
60062,rate_80,255,0,0
60079,rate_80,0,0,255
60095,rate_80,255,0,0
60111,rate_80,0,0,255
60128,rate_80,255,0,0
60145,rate_80,0,0,255
60162,rate_80,255,0,0
60178,rate_80,0,0,255
60194,rate_80,255,0,0
60211,rate_80,0,0,255
60227,rate_80,255,0,0
60243,rate_80,0,0,255
60261,rate_80,255,0,0
60278,rate_80,0,0,255
60295,rate_80,255,0,0
60311,rate_80,0,0,255
60329,rate_80,255,0,0
60345,rate_80,0,0,255
60362,rate_80,255,0,0
60381,rate_80,0,0,255
60398,rate_80,255,0,0
60414,rate_80,0,0,255
60430,rate_80,255,0,0
60456,rate_80,0,0,255
60473,rate_80,255,0,0
60489,rate_80,0,0,255
60506,rate_80,255,0,0
60523,rate_80,0,0,255
60539,rate_80,255,0,0
60556,rate_80,0,0,255
60573,rate_80,255,0,0
60589,rate_80,0,0,255
60606,rate_80,255,0,0
60624,rate_80,0,0,255
60647,rate_80,255,0,0
60664,rate_80,0,0,255
60681,rate_80,255,0,0
60699,rate_80,0,0,255
60715,rate_80,255,0,0
60733,rate_80,0,0,255
60750,rate_80,255,0,0
60767,rate_80,0,0,255
60793,rate_80,255,0,0
60812,rate_80,0,0,255
60830,rate_80,255,0,0
60846,rate_80,0,0,255
60863,rate_80,255,0,0
60879,rate_80,0,0,255
60896,rate_80,255,0,0
60913,rate_80,0,0,255
60929,rate_80,255,0,0
60946,rate_80,0,0,255
60963,rate_80,255,0,0
60980,rate_80,0,0,255
60996,rate_80,255,0,0
61013,rate_80,0,0,255
61029,rate_80,255,0,0
61046,rate_80,0,0,255
61063,rate_80,255,0,0
61080,rate_80,0,0,255
61097,rate_80,255,0,0
61118,rate_80,0,0,255
61135,rate_80,255,0,0
61152,rate_80,0,0,255
61168,rate_80,255,0,0
61185,rate_80,0,0,255
61204,rate_80,255,0,0
61220,rate_80,0,0,255
61237,rate_80,255,0,0
61253,rate_80,0,0,255
61270,rate_80,255,0,0
61287,rate_80,0,0,255
61304,rate_80,255,0,0
61320,rate_80,0,0,255
61337,rate_80,255,0,0
61353,rate_80,0,0,255
61370,rate_80,255,0,0
61386,rate_80,0,0,255
61403,rate_80,255,0,0
61420,rate_80,0,0,255
61436,rate_80,255,0,0
61453,rate_80,0,0,255
61470,rate_80,255,0,0
61486,rate_80,0,0,255
61504,rate_80,255,0,0
61523,rate_80,0,0,255
61542,rate_80,255,0,0
61562,rate_80,0,0,255
61581,rate_80,255,0,0
61598,rate_80,0,0,255
61617,rate_80,255,0,0
61635,rate_80,0,0,255
61652,rate_100_marker,0,0,0
62362,rate_100,255,0,0
62380,rate_100,0,0,255
62397,rate_100,255,0,0
62415,rate_100,0,0,255
62432,rate_100,255,0,0
62450,rate_100,0,0,255
62476,rate_100,255,0,0
62495,rate_100,0,0,255
62513,rate_100,255,0,0
62530,rate_100,0,0,255
62550,rate_100,255,0,0
62569,rate_100,0,0,255
62586,rate_100,255,0,0
62603,rate_100,0,0,255
62619,rate_100,255,0,0
62637,rate_100,0,0,255
62655,rate_100,255,0,0
62672,rate_100,0,0,255
62690,rate_100,255,0,0
62707,rate_100,0,0,255
62725,rate_100,255,0,0
62744,rate_100,0,0,255
62769,rate_100,255,0,0
62803,rate_100,0,0,255
62821,rate_100,255,0,0
62839,rate_100,0,0,255
62856,rate_100,255,0,0
62872,rate_100,0,0,255
62889,rate_100,255,0,0
62907,rate_100,0,0,255
62925,rate_100,255,0,0
62941,rate_100,0,0,255
62960,rate_100,255,0,0
62977,rate_100,0,0,255
62995,rate_100,255,0,0
63014,rate_100,0,0,255
63033,rate_100,255,0,0
63051,rate_100,0,0,255
63069,rate_100,255,0,0
63088,rate_100,0,0,255
63106,rate_100,255,0,0
63128,rate_100,0,0,255
63145,rate_100,255,0,0
63163,rate_100,0,0,255
63181,rate_100,255,0,0
63199,rate_100,0,0,255
63216,rate_100,255,0,0
63234,rate_100,0,0,255
63252,rate_100,255,0,0
63269,rate_100,0,0,255
63288,rate_100,255,0,0
63306,rate_100,0,0,255
63323,rate_100,255,0,0
63342,rate_100,0,0,255
63364,rate_100,255,0,0
63382,rate_100,0,0,255
63400,rate_100,255,0,0
63417,rate_100,0,0,255
63434,rate_100,255,0,0
63468,rate_100,0,0,255
63484,rate_100,255,0,0
63502,rate_100,0,0,255
63520,rate_100,255,0,0
63540,rate_100,0,0,255
63561,rate_100,255,0,0
63578,rate_100,0,0,255
63596,rate_100,255,0,0
63613,rate_100,0,0,255
63632,rate_100,255,0,0
63649,rate_100,0,0,255
63667,rate_100,255,0,0
63685,rate_100,0,0,255
63702,rate_100,255,0,0
63718,rate_100,0,0,255
63736,rate_100,255,0,0
63753,rate_100,0,0,255
63772,rate_100,255,0,0
63804,rate_100,0,0,255
63821,rate_100,255,0,0
63841,rate_100,0,0,255
63859,rate_100,255,0,0
63877,rate_100,0,0,255
63894,rate_100,255,0,0
63911,rate_100,0,0,255
63928,rate_100,255,0,0
63947,rate_100,0,0,255
63965,rate_100,255,0,0
63982,rate_100,0,0,255
64000,rate_100,255,0,0
64017,rate_100,0,0,255
64036,rate_100,255,0,0
64053,rate_100,0,0,255
64071,rate_100,255,0,0
64090,rate_100,0,0,255
64109,rate_100,255,0,0
64128,rate_100,0,0,255
64146,rate_100,255,0,0
64164,rate_100,0,0,255
64181,rate_100,255,0,0
64198,rate_100,0,0,255
64215,rate_100,255,0,0
64233,rate_100,0,0,255
64250,rate_100,255,0,0
64268,rate_100,0,0,255
64286,rate_100,255,0,0
64305,rate_100,0,0,255
64326,rate_100,255,0,0
64345,rate_100,0,0,255
64365,rate_100,255,0,0
64383,rate_100,0,0,255
64401,rate_100,255,0,0
64422,rate_100,0,0,255
64441,rate_100,255,0,0
64463,rate_100,0,0,255
64481,rate_100,255,0,0
64497,rate_100,0,0,255
64515,rate_100,255,0,0
64534,rate_100,0,0,255
64553,rate_100,255,0,0
64572,rate_100,0,0,255
64590,rate_100,255,0,0
64607,rate_100,0,0,255
64625,rate_100,255,0,0
64642,rate_100,0,0,255
64659,rate_100,255,0,0
64676,rate_100,0,0,255
64693,rate_100,255,0,0
64713,rate_100,0,0,255
64731,rate_100,255,0,0
64754,rate_100,0,0,255
64772,rate_100,255,0,0
64791,rate_100,0,0,255
64809,rate_100,255,0,0
64827,rate_100,0,0,255
64846,rate_100,255,0,0
64862,rate_100,0,0,255
64882,rate_100,255,0,0
64899,rate_100,0,0,255
64919,rate_100,255,0,0
64940,rate_100,0,0,255
64959,rate_100,255,0,0
64976,rate_100,0,0,255
64994,rate_100,255,0,0
65012,rate_100,0,0,255
65031,rate_100,255,0,0
65050,rate_100,0,0,255
65066,rate_100,255,0,0
65083,rate_100,0,0,255
65100,rate_100,255,0,0
65120,rate_100,0,0,255
65138,rate_100,255,0,0
65155,rate_100,0,0,255
65173,rate_100,255,0,0
65190,rate_100,0,0,255
65207,rate_100,255,0,0
65225,rate_100,0,0,255
65243,rate_100,255,0,0
65263,rate_100,0,0,255
65280,rate_100,255,0,0
65297,rate_100,0,0,255
65314,rate_100,255,0,0
65331,rate_100,0,0,255
65349,rate_100,255,0,0
65367,rate_100,0,0,255
65386,rate_100,255,0,0
65404,rate_100,0,0,255
65422,rate_100,255,0,0
65441,rate_100,0,0,255
65457,rate_100,255,0,0
65480,rate_100,0,0,255
65498,rate_100,255,0,0
65518,rate_100,0,0,255
65536,rate_100,255,0,0
65557,rate_100,0,0,255
65575,rate_100,255,0,0
65593,rate_100,0,0,255
65612,rate_100,255,0,0
65629,rate_100,0,0,255
65646,rate_100,255,0,0
65664,rate_100,0,0,255
65682,rate_100,255,0,0
65699,rate_100,0,0,255
65717,rate_100,255,0,0
65736,rate_100,0,0,255
65755,rate_100,255,0,0
65774,rate_100,0,0,255
65800,rate_100,255,0,0
65818,rate_100,0,0,255
65838,rate_100,255,0,0
65857,rate_100,0,0,255
65877,rate_100,255,0,0
65896,rate_100,0,0,255
65915,rate_100,255,0,0
65932,rate_100,0,0,255
65951,rate_100,255,0,0
65969,rate_100,0,0,255
65987,rate_100,255,0,0
66008,rate_100,0,0,255
66026,rate_100,255,0,0
66044,rate_100,0,0,255
66061,rate_100,255,0,0
66078,rate_100,0,0,255
66096,rate_100,255,0,0
66114,rate_100,0,0,255
66132,rate_100,255,0,0
66148,rate_100,0,0,255
66166,rate_100,255,0,0
66184,rate_100,0,0,255
66201,rate_100,255,0,0
66218,rate_100,0,0,255
66237,rate_100,255,0,0
66254,rate_100,0,0,255
66274,rate_100,255,0,0
66292,rate_100,0,0,255
66310,rate_100,255,0,0
66326,rate_100,0,0,255
66345,rate_100,255,0,0
66363,rate_100,0,0,255
66380,rate_100,255,0,0
66397,rate_100,0,0,255
66414,rate_100,255,0,0
66432,rate_100,0,0,255
66452,rate_100,255,0,0
66471,rate_100,0,0,255
66488,rate_100,255,0,0
66505,rate_100,0,0,255
66526,rate_100,255,0,0
66545,rate_100,0,0,255
66564,rate_100,255,0,0
66581,rate_100,0,0,255
66599,rate_100,255,0,0
66616,rate_100,0,0,255
66633,rate_100,255,0,0
66653,rate_100,0,0,255
66672,rate_100,255,0,0
66691,rate_100,0,0,255
66710,rate_100,255,0,0
66727,rate_100,0,0,255
66744,rate_100,255,0,0
66763,rate_100,0,0,255
66782,rate_100,255,0,0
66806,rate_100,0,0,255
66825,rate_100,255,0,0
66843,rate_100,0,0,255
66864,rate_100,255,0,0
66881,rate_100,0,0,255
66901,rate_100,255,0,0
66920,rate_100,0,0,255
66939,rate_100,255,0,0
66956,rate_100,0,0,255
66974,rate_100,255,0,0
66994,rate_100,0,0,255
67012,rate_100,255,0,0
67030,rate_100,0,0,255
67046,rate_100,255,0,0
67063,rate_100,0,0,255
67082,rate_100,255,0,0
67099,rate_100,0,0,255
67119,rate_100,255,0,0
67136,rate_100,0,0,255
67154,rate_100,255,0,0
67173,rate_100,0,0,255
67190,rate_100,255,0,0
67207,rate_100,0,0,255
67225,rate_100,255,0,0
67242,rate_100,0,0,255
67260,rate_100,255,0,0
67278,rate_100,0,0,255
67297,rate_100,255,0,0
67314,rate_100,0,0,255
67333,rate_100,255,0,0
67350,rate_100,0,0,255
67369,rate_100,255,0,0
67387,rate_100,0,0,255
67405,rate_100,255,0,0
67423,rate_100,0,0,255
67441,rate_100,255,0,0
67461,rate_100,0,0,255
67479,rate_100,255,0,0
67500,rate_100,0,0,255
67520,rate_100,255,0,0
67538,rate_100,0,0,255
67558,rate_100,255,0,0
67575,rate_100,0,0,255
67594,rate_100,255,0,0
67611,rate_100,0,0,255
67629,rate_100,255,0,0
67647,rate_100,0,0,255
67665,rate_100,255,0,0
67684,rate_100,0,0,255
67701,rate_100,255,0,0
67716,rate_100,0,0,255
67730,rate_100,255,0,0
67744,rate_100,0,0,255
67761,rate_100,255,0,0
67776,rate_100,0,0,255
67799,rate_100,255,0,0
67812,rate_100,0,0,255
67827,rate_100,255,0,0
67842,rate_100,0,0,255
67856,rate_100,255,0,0
67871,rate_100,0,0,255
67886,rate_100,255,0,0
67901,rate_100,0,0,255
67916,rate_100,255,0,0
67931,rate_100,0,0,255
67945,rate_100,255,0,0
67960,rate_100,0,0,255
67975,rate_100,255,0,0
67990,rate_100,0,0,255
68003,rate_100,255,0,0
68018,rate_100,0,0,255
68034,rate_100,255,0,0
68049,rate_100,0,0,255
68064,rate_100,255,0,0
68079,rate_100,0,0,255
68094,rate_100,255,0,0
68108,rate_100,0,0,255
68123,rate_100,255,0,0
68139,rate_100,0,0,255
68153,rate_100,255,0,0
68167,rate_100,0,0,255
68181,rate_100,255,0,0
68195,rate_100,0,0,255
68209,rate_100,255,0,0
68224,rate_100,0,0,255
68238,rate_100,255,0,0
68252,rate_100,0,0,255
68267,rate_100,255,0,0
68281,rate_100,0,0,255
68297,rate_100,255,0,0
68314,rate_100,0,0,255
68328,rate_100,255,0,0
68344,rate_100,0,0,255
68360,rate_100,255,0,0
68375,rate_100,0,0,255
68389,rate_100,255,0,0
68404,rate_100,0,0,255
68419,rate_100,255,0,0
68433,rate_100,0,0,255
68448,rate_100,255,0,0
68475,rate_100,0,0,255
68490,rate_100,255,0,0
68505,rate_100,0,0,255
68519,rate_100,255,0,0
68536,rate_100,0,0,255
68550,rate_100,255,0,0
68567,rate_100,0,0,255
68582,rate_100,255,0,0
68601,rate_100,0,0,255
68618,rate_100,255,0,0
68633,rate_100,0,0,255
68649,rate_100,255,0,0
68664,rate_100,0,0,255
68680,rate_100,255,0,0
68694,rate_100,0,0,255
68709,rate_100,255,0,0
68722,rate_100,0,0,255
68735,rate_100,255,0,0
68750,rate_100,0,0,255
68765,rate_100,255,0,0
68780,rate_100,0,0,255
68797,rate_100,255,0,0
68810,rate_100,0,0,255
68824,rate_100,255,0,0
68839,rate_100,0,0,255
68854,rate_100,255,0,0
68868,rate_100,0,0,255
68881,rate_100,255,0,0
68898,rate_100,0,0,255
68913,rate_100,255,0,0
68929,rate_100,0,0,255
68944,rate_100,255,0,0
68961,rate_100,0,0,255
68976,rate_100,255,0,0
68991,rate_100,0,0,255
69005,rate_100,255,0,0
69019,rate_100,0,0,255
69033,rate_100,255,0,0
69049,rate_100,0,0,255
69064,rate_100,255,0,0
69078,rate_100,0,0,255
69093,rate_100,255,0,0
69107,rate_100,0,0,255
69122,rate_100,255,0,0
69137,rate_100,0,0,255
69153,rate_100,255,0,0
69169,rate_100,0,0,255
69186,rate_100,255,0,0
69201,rate_100,0,0,255
69216,rate_100,255,0,0
69231,rate_100,0,0,255
69246,rate_100,255,0,0
69260,rate_100,0,0,255
69275,rate_100,255,0,0
69290,rate_100,0,0,255
69305,rate_100,255,0,0
69321,rate_100,0,0,255
69338,rate_100,255,0,0
69355,rate_100,0,0,255
69371,end_black,0,0,0
