elapsed_ms,event,address,seq,status,outstanding,devices
6,send,11:66:F0:00:01:3D,1,,1,1
17,ack,11:66:F0:00:01:3D,,0,0,1
416,send,11:66:F0:00:01:3D,2,,1,1
423,ack,11:66:F0:00:01:3D,,0,0,1
1423,send,11:66:F0:00:01:3D,3,,1,1
1433,ack,11:66:F0:00:01:3D,,0,0,1
1554,send,11:66:F0:00:01:3D,4,,1,1
1562,ack,11:66:F0:00:01:3D,,0,0,1
1843,send,11:66:F0:00:01:3D,5,,1,1
1852,ack,11:66:F0:00:01:3D,,0,0,1
1974,send,11:66:F0:00:01:3D,6,,1,1
1984,ack,11:66:F0:00:01:3D,,0,0,1
2264,send,11:66:F0:00:01:3D,7,,1,1
2266,ack,11:66:F0:00:01:3D,,0,0,1
2389,send,11:66:F0:00:01:3D,8,,1,1
2395,ack,11:66:F0:00:01:3D,,0,0,1
4178,send,11:66:F0:00:01:3D,9,,1,1
4186,ack,11:66:F0:00:01:3D,,0,0,1
4887,send,11:66:F0:00:01:3D,10,,1,1
4896,ack,11:66:F0:00:01:3D,,0,0,1
5396,send,11:66:F0:00:01:3D,11,,1,1
5404,ack,11:66:F0:00:01:3D,,0,0,1
5904,send,11:66:F0:00:01:3D,12,,1,1
5912,ack,11:66:F0:00:01:3D,,0,0,1
6410,send,11:66:F0:00:01:3D,13,,1,1
6420,ack,11:66:F0:00:01:3D,,0,0,1
6918,send,11:66:F0:00:01:3D,14,,1,1
6927,ack,11:66:F0:00:01:3D,,0,0,1
7427,send,11:66:F0:00:01:3D,15,,1,1
7437,ack,11:66:F0:00:01:3D,,0,0,1
7938,send,11:66:F0:00:01:3D,16,,1,1
7948,ack,11:66:F0:00:01:3D,,0,0,1
8450,send,11:66:F0:00:01:3D,17,,1,1
8461,ack,11:66:F0:00:01:3D,,0,0,1
8961,send,11:66:F0:00:01:3D,18,,1,1
8974,ack,11:66:F0:00:01:3D,,0,0,1
9677,send,11:66:F0:00:01:3D,19,,1,1
9685,ack,11:66:F0:00:01:3D,,0,0,1
9886,send,11:66:F0:00:01:3D,20,,1,1
9892,ack,11:66:F0:00:01:3D,,0,0,1
10093,send,11:66:F0:00:01:3D,21,,1,1
10101,ack,11:66:F0:00:01:3D,,0,0,1
10303,send,11:66:F0:00:01:3D,22,,1,1
10311,ack,11:66:F0:00:01:3D,,0,0,1
10513,send,11:66:F0:00:01:3D,23,,1,1
10520,ack,11:66:F0:00:01:3D,,0,0,1
10722,send,11:66:F0:00:01:3D,24,,1,1
10731,ack,11:66:F0:00:01:3D,,0,0,1
10933,send,11:66:F0:00:01:3D,25,,1,1
10941,ack,11:66:F0:00:01:3D,,0,0,1
11145,send,11:66:F0:00:01:3D,26,,1,1
11156,ack,11:66:F0:00:01:3D,,0,0,1
11355,send,11:66:F0:00:01:3D,27,,1,1
11364,ack,11:66:F0:00:01:3D,,0,0,1
11565,send,11:66:F0:00:01:3D,28,,1,1
11576,ack,11:66:F0:00:01:3D,,0,0,1
11776,send,11:66:F0:00:01:3D,29,,1,1
11782,ack,11:66:F0:00:01:3D,,0,0,1
11982,send,11:66:F0:00:01:3D,30,,1,1
11992,ack,11:66:F0:00:01:3D,,0,0,1
12190,send,11:66:F0:00:01:3D,31,,1,1
12200,ack,11:66:F0:00:01:3D,,0,0,1
12400,send,11:66:F0:00:01:3D,32,,1,1
12408,ack,11:66:F0:00:01:3D,,0,0,1
12609,send,11:66:F0:00:01:3D,33,,1,1
12617,ack,11:66:F0:00:01:3D,,0,0,1
12817,send,11:66:F0:00:01:3D,34,,1,1
12828,ack,11:66:F0:00:01:3D,,0,0,1
13029,send,11:66:F0:00:01:3D,35,,1,1
13035,ack,11:66:F0:00:01:3D,,0,0,1
13235,send,11:66:F0:00:01:3D,36,,1,1
13242,ack,11:66:F0:00:01:3D,,0,0,1
13443,send,11:66:F0:00:01:3D,37,,1,1
13452,ack,11:66:F0:00:01:3D,,0,0,1
13652,send,11:66:F0:00:01:3D,38,,1,1
13660,ack,11:66:F0:00:01:3D,,0,0,1
13861,send,11:66:F0:00:01:3D,39,,1,1
13869,ack,11:66:F0:00:01:3D,,0,0,1
14569,send,11:66:F0:00:01:3D,40,,1,1
14574,ack,11:66:F0:00:01:3D,,0,0,1
14673,send,11:66:F0:00:01:3D,41,,1,1
14677,ack,11:66:F0:00:01:3D,,0,0,1
14777,send,11:66:F0:00:01:3D,42,,1,1
14786,ack,11:66:F0:00:01:3D,,0,0,1
14885,send,11:66:F0:00:01:3D,43,,1,1
14891,ack,11:66:F0:00:01:3D,,0,0,1
14994,send,11:66:F0:00:01:3D,44,,1,1
15003,ack,11:66:F0:00:01:3D,,0,0,1
15104,send,11:66:F0:00:01:3D,45,,1,1
15114,ack,11:66:F0:00:01:3D,,0,0,1
15212,send,11:66:F0:00:01:3D,46,,1,1
15220,ack,11:66:F0:00:01:3D,,0,0,1
15320,send,11:66:F0:00:01:3D,47,,1,1
15328,ack,11:66:F0:00:01:3D,,0,0,1
15427,send,11:66:F0:00:01:3D,48,,1,1
15435,ack,11:66:F0:00:01:3D,,0,0,1
15535,send,11:66:F0:00:01:3D,49,,1,1
15542,ack,11:66:F0:00:01:3D,,0,0,1
15644,send,11:66:F0:00:01:3D,50,,1,1
15652,ack,11:66:F0:00:01:3D,,0,0,1
15750,send,11:66:F0:00:01:3D,51,,1,1
15757,ack,11:66:F0:00:01:3D,,0,0,1
15856,send,11:66:F0:00:01:3D,52,,1,1
15866,ack,11:66:F0:00:01:3D,,0,0,1
15968,send,11:66:F0:00:01:3D,53,,1,1
15976,ack,11:66:F0:00:01:3D,,0,0,1
16077,send,11:66:F0:00:01:3D,54,,1,1
16084,ack,11:66:F0:00:01:3D,,0,0,1
16184,send,11:66:F0:00:01:3D,55,,1,1
16193,ack,11:66:F0:00:01:3D,,0,0,1
16292,send,11:66:F0:00:01:3D,56,,1,1
16299,ack,11:66:F0:00:01:3D,,0,0,1
16402,send,11:66:F0:00:01:3D,57,,1,1
16410,ack,11:66:F0:00:01:3D,,0,0,1
16513,send,11:66:F0:00:01:3D,58,,1,1
16522,ack,11:66:F0:00:01:3D,,0,0,1
16622,send,11:66:F0:00:01:3D,59,,1,1
16630,ack,11:66:F0:00:01:3D,,0,0,1
16731,send,11:66:F0:00:01:3D,60,,1,1
16739,ack,11:66:F0:00:01:3D,,0,0,1
16840,send,11:66:F0:00:01:3D,61,,1,1
16847,ack,11:66:F0:00:01:3D,,0,0,1
16946,send,11:66:F0:00:01:3D,62,,1,1
16952,ack,11:66:F0:00:01:3D,,0,0,1
17053,send,11:66:F0:00:01:3D,63,,1,1
17063,ack,11:66:F0:00:01:3D,,0,0,1
17163,send,11:66:F0:00:01:3D,64,,1,1
17172,ack,11:66:F0:00:01:3D,,0,0,1
17273,send,11:66:F0:00:01:3D,65,,1,1
17281,ack,11:66:F0:00:01:3D,,0,0,1
17381,send,11:66:F0:00:01:3D,66,,1,1
17391,ack,11:66:F0:00:01:3D,,0,0,1
17492,send,11:66:F0:00:01:3D,67,,1,1
17502,ack,11:66:F0:00:01:3D,,0,0,1
17602,send,11:66:F0:00:01:3D,68,,1,1
17610,ack,11:66:F0:00:01:3D,,0,0,1
17711,send,11:66:F0:00:01:3D,69,,1,1
17719,ack,11:66:F0:00:01:3D,,0,0,1
17820,send,11:66:F0:00:01:3D,70,,1,1
17830,ack,11:66:F0:00:01:3D,,0,0,1
17929,send,11:66:F0:00:01:3D,71,,1,1
17937,ack,11:66:F0:00:01:3D,,0,0,1
18036,send,11:66:F0:00:01:3D,72,,1,1
18046,ack,11:66:F0:00:01:3D,,0,0,1
18148,send,11:66:F0:00:01:3D,73,,1,1
18157,ack,11:66:F0:00:01:3D,,0,0,1
18257,send,11:66:F0:00:01:3D,74,,1,1
18268,ack,11:66:F0:00:01:3D,,0,0,1
18366,send,11:66:F0:00:01:3D,75,,1,1
18375,ack,11:66:F0:00:01:3D,,0,0,1
18474,send,11:66:F0:00:01:3D,76,,1,1
18480,ack,11:66:F0:00:01:3D,,0,0,1
18580,send,11:66:F0:00:01:3D,77,,1,1
18589,ack,11:66:F0:00:01:3D,,0,0,1
18688,send,11:66:F0:00:01:3D,78,,1,1
18696,ack,11:66:F0:00:01:3D,,0,0,1
18795,send,11:66:F0:00:01:3D,79,,1,1
18804,ack,11:66:F0:00:01:3D,,0,0,1
18903,send,11:66:F0:00:01:3D,80,,1,1
18910,ack,11:66:F0:00:01:3D,,0,0,1
19611,send,11:66:F0:00:01:3D,81,,1,1
19619,ack,11:66:F0:00:01:3D,,0,0,1
19685,send,11:66:F0:00:01:3D,82,,1,1
19693,ack,11:66:F0:00:01:3D,,0,0,1
19760,send,11:66:F0:00:01:3D,83,,1,1
19769,ack,11:66:F0:00:01:3D,,0,0,1
19836,send,11:66:F0:00:01:3D,84,,1,1
19844,ack,11:66:F0:00:01:3D,,0,0,1
19912,send,11:66:F0:00:01:3D,85,,1,1
19921,ack,11:66:F0:00:01:3D,,0,0,1
19986,send,11:66:F0:00:01:3D,86,,1,1
19992,ack,11:66:F0:00:01:3D,,0,0,1
20060,send,11:66:F0:00:01:3D,87,,1,1
20067,ack,11:66:F0:00:01:3D,,0,0,1
20133,send,11:66:F0:00:01:3D,88,,1,1
20140,ack,11:66:F0:00:01:3D,,0,0,1
20205,send,11:66:F0:00:01:3D,89,,1,1
20211,ack,11:66:F0:00:01:3D,,0,0,1
20278,send,11:66:F0:00:01:3D,90,,1,1
20288,ack,11:66:F0:00:01:3D,,0,0,1
20353,send,11:66:F0:00:01:3D,91,,1,1
20360,ack,11:66:F0:00:01:3D,,0,0,1
20428,send,11:66:F0:00:01:3D,92,,1,1
20438,ack,11:66:F0:00:01:3D,,0,0,1
20504,send,11:66:F0:00:01:3D,93,,1,1
20510,ack,11:66:F0:00:01:3D,,0,0,1
20576,send,11:66:F0:00:01:3D,94,,1,1
20585,ack,11:66:F0:00:01:3D,,0,0,1
20651,send,11:66:F0:00:01:3D,95,,1,1
20659,ack,11:66:F0:00:01:3D,,0,0,1
20726,send,11:66:F0:00:01:3D,96,,1,1
20733,ack,11:66:F0:00:01:3D,,0,0,1
20799,send,11:66:F0:00:01:3D,97,,1,1
20804,ack,11:66:F0:00:01:3D,,0,0,1
20870,send,11:66:F0:00:01:3D,98,,1,1
20877,ack,11:66:F0:00:01:3D,,0,0,1
20945,send,11:66:F0:00:01:3D,99,,1,1
20953,ack,11:66:F0:00:01:3D,,0,0,1
21018,send,11:66:F0:00:01:3D,100,,1,1
21026,ack,11:66:F0:00:01:3D,,0,0,1
21092,send,11:66:F0:00:01:3D,101,,1,1
21099,ack,11:66:F0:00:01:3D,,0,0,1
21168,send,11:66:F0:00:01:3D,102,,1,1
21176,ack,11:66:F0:00:01:3D,,0,0,1
21244,send,11:66:F0:00:01:3D,103,,1,1
21250,ack,11:66:F0:00:01:3D,,0,0,1
21317,send,11:66:F0:00:01:3D,104,,1,1
21325,ack,11:66:F0:00:01:3D,,0,0,1
21390,send,11:66:F0:00:01:3D,105,,1,1
21398,ack,11:66:F0:00:01:3D,,0,0,1
21464,send,11:66:F0:00:01:3D,106,,1,1
21477,ack,11:66:F0:00:01:3D,,0,0,1
21544,send,11:66:F0:00:01:3D,107,,1,1
21550,ack,11:66:F0:00:01:3D,,0,0,1
21618,send,11:66:F0:00:01:3D,108,,1,1
21626,ack,11:66:F0:00:01:3D,,0,0,1
21694,send,11:66:F0:00:01:3D,109,,1,1
21705,ack,11:66:F0:00:01:3D,,0,0,1
21770,send,11:66:F0:00:01:3D,110,,1,1
21778,ack,11:66:F0:00:01:3D,,0,0,1
21844,send,11:66:F0:00:01:3D,111,,1,1
21852,ack,11:66:F0:00:01:3D,,0,0,1
21918,send,11:66:F0:00:01:3D,112,,1,1
21927,ack,11:66:F0:00:01:3D,,0,0,1
21993,send,11:66:F0:00:01:3D,113,,1,1
22000,ack,11:66:F0:00:01:3D,,0,0,1
22068,send,11:66:F0:00:01:3D,114,,1,1
22078,ack,11:66:F0:00:01:3D,,0,0,1
22142,send,11:66:F0:00:01:3D,115,,1,1
22149,ack,11:66:F0:00:01:3D,,0,0,1
22214,send,11:66:F0:00:01:3D,116,,1,1
22224,ack,11:66:F0:00:01:3D,,0,0,1
22290,send,11:66:F0:00:01:3D,117,,1,1
22300,ack,11:66:F0:00:01:3D,,0,0,1
22364,send,11:66:F0:00:01:3D,118,,1,1
22377,ack,11:66:F0:00:01:3D,,0,0,1
22441,send,11:66:F0:00:01:3D,119,,1,1
22451,ack,11:66:F0:00:01:3D,,0,0,1
22517,send,11:66:F0:00:01:3D,120,,1,1
22524,ack,11:66:F0:00:01:3D,,0,0,1
22591,send,11:66:F0:00:01:3D,121,,1,1
22598,ack,11:66:F0:00:01:3D,,0,0,1
22664,send,11:66:F0:00:01:3D,122,,1,1
22673,ack,11:66:F0:00:01:3D,,0,0,1
22737,send,11:66:F0:00:01:3D,123,,1,1
22743,ack,11:66:F0:00:01:3D,,0,0,1
22811,send,11:66:F0:00:01:3D,124,,1,1
22819,ack,11:66:F0:00:01:3D,,0,0,1
22887,send,11:66:F0:00:01:3D,125,,1,1
22898,ack,11:66:F0:00:01:3D,,0,0,1
22964,send,11:66:F0:00:01:3D,126,,1,1
22974,ack,11:66:F0:00:01:3D,,0,0,1
23039,send,11:66:F0:00:01:3D,127,,1,1
23049,ack,11:66:F0:00:01:3D,,0,0,1
23116,send,11:66:F0:00:01:3D,128,,1,1
23125,ack,11:66:F0:00:01:3D,,0,0,1
23192,send,11:66:F0:00:01:3D,129,,1,1
23200,ack,11:66:F0:00:01:3D,,0,0,1
23264,send,11:66:F0:00:01:3D,130,,1,1
23270,ack,11:66:F0:00:01:3D,,0,0,1
23338,send,11:66:F0:00:01:3D,131,,1,1
23346,ack,11:66:F0:00:01:3D,,0,0,1
23411,send,11:66:F0:00:01:3D,132,,1,1
23419,ack,11:66:F0:00:01:3D,,0,0,1
23488,send,11:66:F0:00:01:3D,133,,1,1
23498,ack,11:66:F0:00:01:3D,,0,0,1
23565,send,11:66:F0:00:01:3D,134,,1,1
23573,ack,11:66:F0:00:01:3D,,0,0,1
23640,send,11:66:F0:00:01:3D,135,,1,1
23649,ack,11:66:F0:00:01:3D,,0,0,1
23716,send,11:66:F0:00:01:3D,136,,1,1
23723,ack,11:66:F0:00:01:3D,,0,0,1
23790,send,11:66:F0:00:01:3D,137,,1,1
23796,ack,11:66:F0:00:01:3D,,0,0,1
23861,send,11:66:F0:00:01:3D,138,,1,1
23869,ack,11:66:F0:00:01:3D,,0,0,1
23933,send,11:66:F0:00:01:3D,139,,1,1
23937,ack,11:66:F0:00:01:3D,,0,0,1
24003,send,11:66:F0:00:01:3D,140,,1,1
24007,ack,11:66:F0:00:01:3D,,0,0,1
24073,send,11:66:F0:00:01:3D,141,,1,1
24080,ack,11:66:F0:00:01:3D,,0,0,1
24792,send,11:66:F0:00:01:3D,142,,1,1
24798,ack,11:66:F0:00:01:3D,,0,0,1
24846,send,11:66:F0:00:01:3D,143,,1,1
24859,ack,11:66:F0:00:01:3D,,0,0,1
24898,send,11:66:F0:00:01:3D,144,,1,1
24919,ack,11:66:F0:00:01:3D,,0,0,1
24950,send,11:66:F0:00:01:3D,145,,1,1
24979,ack,11:66:F0:00:01:3D,,0,0,1
25003,send,11:66:F0:00:01:3D,146,,1,1
25045,ack,11:66:F0:00:01:3D,,0,0,1
25055,send,11:66:F0:00:01:3D,147,,1,1
25109,ack,11:66:F0:00:01:3D,,0,0,1
25109,send,11:66:F0:00:01:3D,148,,1,1
25162,send,11:66:F0:00:01:3D,149,,2,1
25168,ack,11:66:F0:00:01:3D,,0,1,1
25218,send,11:66:F0:00:01:3D,150,,2,1
25224,ack,11:66:F0:00:01:3D,,0,1,1
25275,send,11:66:F0:00:01:3D,151,,2,1
25283,ack,11:66:F0:00:01:3D,,0,1,1
25332,send,11:66:F0:00:01:3D,152,,2,1
25342,ack,11:66:F0:00:01:3D,,0,1,1
25393,send,11:66:F0:00:01:3D,153,,2,1
25398,ack,11:66:F0:00:01:3D,,0,1,1
25448,send,11:66:F0:00:01:3D,154,,2,1
25456,ack,11:66:F0:00:01:3D,,0,1,1
25506,send,11:66:F0:00:01:3D,155,,2,1
25513,ack,11:66:F0:00:01:3D,,0,1,1
25563,send,11:66:F0:00:01:3D,156,,2,1
25569,ack,11:66:F0:00:01:3D,,0,1,1
25620,send,11:66:F0:00:01:3D,157,,2,1
25627,ack,11:66:F0:00:01:3D,,0,1,1
25677,send,11:66:F0:00:01:3D,158,,2,1
25683,ack,11:66:F0:00:01:3D,,0,1,1
25733,send,11:66:F0:00:01:3D,159,,2,1
25740,ack,11:66:F0:00:01:3D,,0,1,1
25791,send,11:66:F0:00:01:3D,160,,2,1
25797,ack,11:66:F0:00:01:3D,,0,1,1
25848,send,11:66:F0:00:01:3D,161,,2,1
25856,ack,11:66:F0:00:01:3D,,0,1,1
25906,send,11:66:F0:00:01:3D,162,,2,1
25913,ack,11:66:F0:00:01:3D,,0,1,1
25964,send,11:66:F0:00:01:3D,163,,2,1
25972,ack,11:66:F0:00:01:3D,,0,1,1
26022,send,11:66:F0:00:01:3D,164,,2,1
26030,ack,11:66:F0:00:01:3D,,0,1,1
26080,send,11:66:F0:00:01:3D,165,,2,1
26086,ack,11:66:F0:00:01:3D,,0,1,1
26136,send,11:66:F0:00:01:3D,166,,2,1
26143,ack,11:66:F0:00:01:3D,,0,1,1
26195,send,11:66:F0:00:01:3D,167,,2,1
26202,ack,11:66:F0:00:01:3D,,0,1,1
26252,send,11:66:F0:00:01:3D,168,,2,1
26261,ack,11:66:F0:00:01:3D,,0,1,1
26311,send,11:66:F0:00:01:3D,169,,2,1
26318,ack,11:66:F0:00:01:3D,,0,1,1
26368,send,11:66:F0:00:01:3D,170,,2,1
26374,ack,11:66:F0:00:01:3D,,0,1,1
26425,send,11:66:F0:00:01:3D,171,,2,1
26431,ack,11:66:F0:00:01:3D,,0,1,1
26482,send,11:66:F0:00:01:3D,172,,2,1
26489,ack,11:66:F0:00:01:3D,,0,1,1
26538,send,11:66:F0:00:01:3D,173,,2,1
26546,ack,11:66:F0:00:01:3D,,0,1,1
26594,send,11:66:F0:00:01:3D,174,,2,1
26604,ack,11:66:F0:00:01:3D,,0,1,1
26646,send,11:66:F0:00:01:3D,175,,2,1
26660,ack,11:66:F0:00:01:3D,,0,1,1
26698,send,11:66:F0:00:01:3D,176,,2,1
26722,ack,11:66:F0:00:01:3D,,0,1,1
26751,send,11:66:F0:00:01:3D,177,,2,1
26782,ack,11:66:F0:00:01:3D,,0,1,1
26802,send,11:66:F0:00:01:3D,178,,2,1
26842,ack,11:66:F0:00:01:3D,,0,1,1
26854,send,11:66:F0:00:01:3D,179,,2,1
26901,ack,11:66:F0:00:01:3D,,0,1,1
26908,send,11:66:F0:00:01:3D,180,,2,1
26960,send,11:66:F0:00:01:3D,181,,3,1
26962,ack,11:66:F0:00:01:3D,,0,2,1
27012,send,11:66:F0:00:01:3D,182,,3,1
27019,ack,11:66:F0:00:01:3D,,0,2,1
27069,send,11:66:F0:00:01:3D,183,,3,1
27076,ack,11:66:F0:00:01:3D,,0,2,1
27127,send,11:66:F0:00:01:3D,184,,3,1
27135,ack,11:66:F0:00:01:3D,,0,2,1
27186,send,11:66:F0:00:01:3D,185,,3,1
27193,ack,11:66:F0:00:01:3D,,0,2,1
27245,send,11:66:F0:00:01:3D,186,,3,1
27254,ack,11:66:F0:00:01:3D,,0,2,1
27302,send,11:66:F0:00:01:3D,187,,3,1
27314,ack,11:66:F0:00:01:3D,,0,2,1
27355,send,11:66:F0:00:01:3D,188,,3,1
27374,ack,11:66:F0:00:01:3D,,0,2,1
27410,send,11:66:F0:00:01:3D,189,,3,1
27434,ack,11:66:F0:00:01:3D,,0,2,1
27462,send,11:66:F0:00:01:3D,190,,3,1
27499,ack,11:66:F0:00:01:3D,,0,2,1
27514,send,11:66:F0:00:01:3D,191,,3,1
27565,ack,11:66:F0:00:01:3D,,0,2,1
27566,send,11:66:F0:00:01:3D,192,,3,1
27620,send,11:66:F0:00:01:3D,193,,4,1
27628,ack,11:66:F0:00:01:3D,,0,3,1
27676,send,11:66:F0:00:01:3D,194,,4,1
27686,ack,11:66:F0:00:01:3D,,0,3,1
27729,send,11:66:F0:00:01:3D,195,,4,1
27745,ack,11:66:F0:00:01:3D,,0,3,1
27781,send,11:66:F0:00:01:3D,196,,4,1
27802,ack,11:66:F0:00:01:3D,,0,3,1
27835,send,11:66:F0:00:01:3D,197,,4,1
27862,ack,11:66:F0:00:01:3D,,0,3,1
27888,send,11:66:F0:00:01:3D,198,,4,1
27922,ack,11:66:F0:00:01:3D,,0,3,1
27941,send,11:66:F0:00:01:3D,199,,4,1
27979,ack,11:66:F0:00:01:3D,,0,3,1
27992,send,11:66:F0:00:01:3D,200,,4,1
28038,ack,11:66:F0:00:01:3D,,0,3,1
28044,send,11:66:F0:00:01:3D,201,,4,1
28094,ack,11:66:F0:00:01:3D,,0,3,1
28097,send,11:66:F0:00:01:3D,202,,4,1
28148,send,11:66:F0:00:01:3D,203,,5,1
28152,ack,11:66:F0:00:01:3D,,0,4,1
28201,send,11:66:F0:00:01:3D,204,,5,1
28208,ack,11:66:F0:00:01:3D,,0,4,1
28258,send,11:66:F0:00:01:3D,205,,5,1
28265,ack,11:66:F0:00:01:3D,,0,4,1
28315,send,11:66:F0:00:01:3D,206,,5,1
28326,ack,11:66:F0:00:01:3D,,0,4,1
28367,send,11:66:F0:00:01:3D,207,,5,1
28384,ack,11:66:F0:00:01:3D,,0,4,1
28420,send,11:66:F0:00:01:3D,208,,5,1
28444,ack,11:66:F0:00:01:3D,,0,4,1
28473,send,11:66:F0:00:01:3D,209,,5,1
28507,ack,11:66:F0:00:01:3D,,0,4,1
28527,send,11:66:F0:00:01:3D,210,,5,1
28566,ack,11:66:F0:00:01:3D,,0,4,1
28580,send,11:66:F0:00:01:3D,211,,5,1
28627,ack,11:66:F0:00:01:3D,,0,4,1
28632,send,11:66:F0:00:01:3D,212,,5,1
28684,send,11:66:F0:00:01:3D,213,,6,1
28688,ack,11:66:F0:00:01:3D,,0,5,1
28737,send,11:66:F0:00:01:3D,214,,6,1
28744,ack,11:66:F0:00:01:3D,,0,5,1
28794,send,11:66:F0:00:01:3D,215,,6,1
28800,ack,11:66:F0:00:01:3D,,0,5,1
28850,send,11:66:F0:00:01:3D,216,,6,1
28856,ack,11:66:F0:00:01:3D,,0,5,1
28907,send,11:66:F0:00:01:3D,217,,6,1
28913,ack,11:66:F0:00:01:3D,,0,5,1
28963,send,11:66:F0:00:01:3D,218,,6,1
28968,ack,11:66:F0:00:01:3D,,0,5,1
29019,send,11:66:F0:00:01:3D,219,,6,1
29026,ack,11:66:F0:00:01:3D,,0,5,1
29076,send,11:66:F0:00:01:3D,220,,6,1
29083,ack,11:66:F0:00:01:3D,,0,5,1
29133,send,11:66:F0:00:01:3D,221,,6,1
29140,ack,11:66:F0:00:01:3D,,0,5,1
29191,send,11:66:F0:00:01:3D,222,,6,1
29202,ack,11:66:F0:00:01:3D,,0,5,1
29900,send,11:66:F0:00:01:3D,223,,6,1
29908,ack,11:66:F0:00:01:3D,,0,5,1
29942,send,11:66:F0:00:01:3D,224,,6,1
29972,ack,11:66:F0:00:01:3D,,0,5,1
29978,send,11:66:F0:00:01:3D,225,,6,1
30015,send,11:66:F0:00:01:3D,226,,7,1
30034,ack,11:66:F0:00:01:3D,,0,6,1
30048,send,11:66:F0:00:01:3D,227,,7,1
30083,send,11:66:F0:00:01:3D,228,,8,1
30096,ack,11:66:F0:00:01:3D,,0,7,1
30119,send,11:66:F0:00:01:3D,229,,8,1
30156,send,11:66:F0:00:01:3D,230,,9,1
30159,ack,11:66:F0:00:01:3D,,0,8,1
30195,send,11:66:F0:00:01:3D,231,,9,1
30220,ack,11:66:F0:00:01:3D,,0,8,1
30231,send,11:66:F0:00:01:3D,232,,9,1
30267,send,11:66:F0:00:01:3D,233,,10,1
30283,ack,11:66:F0:00:01:3D,,0,9,1
30303,send,11:66:F0:00:01:3D,234,,10,1
30340,send,11:66:F0:00:01:3D,235,,11,1
30341,ack,11:66:F0:00:01:3D,,0,10,1
30375,send,11:66:F0:00:01:3D,236,,11,1
30401,ack,11:66:F0:00:01:3D,,0,10,1
30409,send,11:66:F0:00:01:3D,237,,11,1
30444,send,11:66:F0:00:01:3D,238,,12,1
30459,ack,11:66:F0:00:01:3D,,0,11,1
30478,send,11:66:F0:00:01:3D,239,,12,1
30513,send,11:66:F0:00:01:3D,240,,13,1
30519,ack,11:66:F0:00:01:3D,,0,12,1
30554,send,11:66:F0:00:01:3D,241,,13,1
30578,ack,11:66:F0:00:01:3D,,0,12,1
30590,send,11:66:F0:00:01:3D,242,,13,1
30625,send,11:66:F0:00:01:3D,243,,14,1
30637,ack,11:66:F0:00:01:3D,,0,13,1
30659,send,11:66:F0:00:01:3D,244,,14,1
30693,ack,11:66:F0:00:01:3D,,0,13,1
30694,send,11:66:F0:00:01:3D,245,,14,1
30729,send,11:66:F0:00:01:3D,246,,15,1
30750,ack,11:66:F0:00:01:3D,,0,14,1
30764,send,11:66:F0:00:01:3D,247,,15,1
30799,send,11:66:F0:00:01:3D,248,,16,1
30805,ack,11:66:F0:00:01:3D,,0,15,1
30838,send,11:66:F0:00:01:3D,249,,16,1
30868,ack,11:66:F0:00:01:3D,,0,15,1
30873,send,11:66:F0:00:01:3D,250,,16,1
30909,send,11:66:F0:00:01:3D,251,,17,1
30931,ack,11:66:F0:00:01:3D,,0,16,1
30943,send,11:66:F0:00:01:3D,252,,17,1
30979,send,11:66:F0:00:01:3D,253,,18,1
30993,ack,11:66:F0:00:01:3D,,0,17,1
31014,send,11:66:F0:00:01:3D,254,,18,1
31048,send,11:66:F0:00:01:3D,255,,19,1
31051,ack,11:66:F0:00:01:3D,,0,18,1
31083,send,11:66:F0:00:01:3D,256,,19,1
31114,ack,11:66:F0:00:01:3D,,0,18,1
31118,send,11:66:F0:00:01:3D,257,,19,1
31157,send,11:66:F0:00:01:3D,258,,20,1
31175,ack,11:66:F0:00:01:3D,,0,19,1
31193,send,11:66:F0:00:01:3D,259,,20,1
31228,send,11:66:F0:00:01:3D,260,,21,1
31236,ack,11:66:F0:00:01:3D,,0,20,1
31270,send,11:66:F0:00:01:3D,261,,21,1
31295,ack,11:66:F0:00:01:3D,,0,20,1
31307,send,11:66:F0:00:01:3D,262,,21,1
31344,send,11:66:F0:00:01:3D,263,,22,1
31354,ack,11:66:F0:00:01:3D,,0,21,1
31385,send,11:66:F0:00:01:3D,264,,22,1
31413,ack,11:66:F0:00:01:3D,,0,21,1
31419,send,11:66:F0:00:01:3D,265,,22,1
31456,send,11:66:F0:00:01:3D,266,,23,1
31474,ack,11:66:F0:00:01:3D,,0,22,1
31491,send,11:66:F0:00:01:3D,267,,23,1
31527,send,11:66:F0:00:01:3D,268,,24,1
31536,ack,11:66:F0:00:01:3D,,0,23,1
31568,send,11:66:F0:00:01:3D,269,,24,1
31599,ack,11:66:F0:00:01:3D,,0,23,1
31603,send,11:66:F0:00:01:3D,270,,24,1
31639,send,11:66:F0:00:01:3D,271,,25,1
31663,ack,11:66:F0:00:01:3D,,0,24,1
31674,send,11:66:F0:00:01:3D,272,,25,1
31709,send,11:66:F0:00:01:3D,273,,26,1
31726,ack,11:66:F0:00:01:3D,,0,25,1
31744,send,11:66:F0:00:01:3D,274,,26,1
31779,send,11:66:F0:00:01:3D,275,,27,1
31787,ack,11:66:F0:00:01:3D,,0,26,1
31825,send,11:66:F0:00:01:3D,276,,27,1
31851,ack,11:66:F0:00:01:3D,,0,26,1
31860,send,11:66:F0:00:01:3D,277,,27,1
31895,send,11:66:F0:00:01:3D,278,,28,1
31909,ack,11:66:F0:00:01:3D,,0,27,1
31930,send,11:66:F0:00:01:3D,279,,28,1
31965,send,11:66:F0:00:01:3D,280,,29,1
31969,ack,11:66:F0:00:01:3D,,0,28,1
32005,send,11:66:F0:00:01:3D,281,,29,1
32032,ack,11:66:F0:00:01:3D,,0,28,1
32041,send,11:66:F0:00:01:3D,282,,29,1
32076,send,11:66:F0:00:01:3D,283,,30,1
32093,ack,11:66:F0:00:01:3D,,0,29,1
32111,send,11:66:F0:00:01:3D,284,,30,1
32146,send,11:66:F0:00:01:3D,285,,31,1
32153,ack,11:66:F0:00:01:3D,,0,30,1
32186,send,11:66:F0:00:01:3D,286,,31,1
32212,ack,11:66:F0:00:01:3D,,0,30,1
32222,send,11:66:F0:00:01:3D,287,,31,1
32257,send,11:66:F0:00:01:3D,288,,32,1
32273,ack,11:66:F0:00:01:3D,,0,31,1
32292,send,11:66:F0:00:01:3D,289,,32,1
32327,send,11:66:F0:00:01:3D,290,,33,1
32332,ack,11:66:F0:00:01:3D,,0,32,1
32365,send,11:66:F0:00:01:3D,291,,33,1
32390,ack,11:66:F0:00:01:3D,,0,32,1
32400,send,11:66:F0:00:01:3D,292,,33,1
32436,send,11:66:F0:00:01:3D,293,,34,1
32450,ack,11:66:F0:00:01:3D,,0,33,1
32472,send,11:66:F0:00:01:3D,294,,34,1
32507,send,11:66:F0:00:01:3D,295,,35,1
32514,ack,11:66:F0:00:01:3D,,0,34,1
32543,send,11:66:F0:00:01:3D,296,,35,1
32574,ack,11:66:F0:00:01:3D,,0,34,1
32578,send,11:66:F0:00:01:3D,297,,35,1
32612,send,11:66:F0:00:01:3D,298,,36,1
32635,ack,11:66:F0:00:01:3D,,0,35,1
32646,send,11:66:F0:00:01:3D,299,,36,1
32683,send,11:66:F0:00:01:3D,300,,37,1
32697,ack,11:66:F0:00:01:3D,,0,36,1
32719,send,11:66:F0:00:01:3D,301,,37,1
32754,send,11:66:F0:00:01:3D,302,,38,1
32754,ack,11:66:F0:00:01:3D,,0,37,1
32790,send,11:66:F0:00:01:3D,303,,38,1
32816,ack,11:66:F0:00:01:3D,,0,37,1
32825,send,11:66:F0:00:01:3D,304,,38,1
32860,send,11:66:F0:00:01:3D,305,,39,1
32877,ack,11:66:F0:00:01:3D,,0,38,1
32896,send,11:66:F0:00:01:3D,306,,39,1
32931,send,11:66:F0:00:01:3D,307,,40,1
32938,ack,11:66:F0:00:01:3D,,0,39,1
32971,send,11:66:F0:00:01:3D,308,,40,1
32996,ack,11:66:F0:00:01:3D,,0,39,1
33007,send,11:66:F0:00:01:3D,309,,40,1
33042,send,11:66:F0:00:01:3D,310,,41,1
33056,ack,11:66:F0:00:01:3D,,0,40,1
33077,send,11:66:F0:00:01:3D,311,,41,1
33112,send,11:66:F0:00:01:3D,312,,42,1
33114,ack,11:66:F0:00:01:3D,,0,41,1
33146,send,11:66:F0:00:01:3D,313,,42,1
33174,ack,11:66:F0:00:01:3D,,0,41,1
33181,send,11:66:F0:00:01:3D,314,,42,1
33217,send,11:66:F0:00:01:3D,315,,43,1
33234,ack,11:66:F0:00:01:3D,,0,42,1
33252,send,11:66:F0:00:01:3D,316,,43,1
33287,send,11:66:F0:00:01:3D,317,,44,1
33294,ack,11:66:F0:00:01:3D,,0,43,1
33326,send,11:66:F0:00:01:3D,318,,44,1
33353,ack,11:66:F0:00:01:3D,,0,43,1
33360,send,11:66:F0:00:01:3D,319,,44,1
33395,send,11:66:F0:00:01:3D,320,,45,1
33410,ack,11:66:F0:00:01:3D,,0,44,1
33429,send,11:66:F0:00:01:3D,321,,45,1
33463,send,11:66:F0:00:01:3D,322,,46,1
33471,ack,11:66:F0:00:01:3D,,0,45,1
33503,send,11:66:F0:00:01:3D,323,,46,1
33528,ack,11:66:F0:00:01:3D,,0,45,1
33540,send,11:66:F0:00:01:3D,324,,46,1
33574,send,11:66:F0:00:01:3D,325,,47,1
33588,ack,11:66:F0:00:01:3D,,0,46,1
33607,send,11:66:F0:00:01:3D,326,,47,1
33643,send,11:66:F0:00:01:3D,327,,48,1
33649,ack,11:66:F0:00:01:3D,,0,47,1
33683,send,11:66:F0:00:01:3D,328,,48,1
33713,ack,11:66:F0:00:01:3D,,0,47,1
33718,send,11:66:F0:00:01:3D,329,,48,1
33754,send,11:66:F0:00:01:3D,330,,49,1
33774,ack,11:66:F0:00:01:3D,,0,48,1
33788,send,11:66:F0:00:01:3D,331,,49,1
33822,send,11:66:F0:00:01:3D,332,,50,1
33833,ack,11:66:F0:00:01:3D,,0,49,1
33857,send,11:66:F0:00:01:3D,333,,50,1
33891,send,11:66:F0:00:01:3D,334,,51,1
33897,ack,11:66:F0:00:01:3D,,0,50,1
33930,send,11:66:F0:00:01:3D,335,,51,1
33957,ack,11:66:F0:00:01:3D,,0,50,1
33965,send,11:66:F0:00:01:3D,336,,51,1
34000,send,11:66:F0:00:01:3D,337,,52,1
34015,ack,11:66:F0:00:01:3D,,0,51,1
34034,send,11:66:F0:00:01:3D,338,,52,1
34068,send,11:66:F0:00:01:3D,339,,53,1
34076,ack,11:66:F0:00:01:3D,,0,52,1
34109,send,11:66:F0:00:01:3D,340,,53,1
34137,ack,11:66:F0:00:01:3D,,0,52,1
34144,send,11:66:F0:00:01:3D,341,,53,1
34178,send,11:66:F0:00:01:3D,342,,54,1
34199,ack,11:66:F0:00:01:3D,,0,53,1
34213,send,11:66:F0:00:01:3D,343,,54,1
34262,ack,11:66:F0:00:01:3D,,0,53,1
34915,send,11:66:F0:00:01:3D,344,,54,1
34921,ack,11:66:F0:00:01:3D,,0,53,1
34948,send,11:66:F0:00:01:3D,345,,54,1
34977,send,11:66:F0:00:01:3D,346,,55,1
34985,ack,11:66:F0:00:01:3D,,0,54,1
35010,send,11:66:F0:00:01:3D,347,,55,1
35038,send,11:66:F0:00:01:3D,348,,56,1
35046,ack,11:66:F0:00:01:3D,,0,55,1
35071,send,11:66:F0:00:01:3D,349,,56,1
35099,send,11:66:F0:00:01:3D,350,,57,1
35106,ack,11:66:F0:00:01:3D,,0,56,1
35133,send,11:66:F0:00:01:3D,351,,57,1
35160,send,11:66:F0:00:01:3D,352,,58,1
35169,ack,11:66:F0:00:01:3D,,0,57,1
35194,send,11:66:F0:00:01:3D,353,,58,1
35222,send,11:66:F0:00:01:3D,354,,59,1
35230,ack,11:66:F0:00:01:3D,,0,58,1
35255,send,11:66:F0:00:01:3D,355,,59,1
35283,send,11:66:F0:00:01:3D,356,,60,1
35289,ack,11:66:F0:00:01:3D,,0,59,1
35316,send,11:66:F0:00:01:3D,357,,60,1
35342,send,11:66:F0:00:01:3D,358,,61,1
35350,ack,11:66:F0:00:01:3D,,0,60,1
35376,send,11:66:F0:00:01:3D,359,,61,1
35403,send,11:66:F0:00:01:3D,360,,62,1
35410,ack,11:66:F0:00:01:3D,,0,61,1
35435,send,11:66:F0:00:01:3D,361,,62,1
35462,send,11:66:F0:00:01:3D,362,,63,1
35470,ack,11:66:F0:00:01:3D,,0,62,1
35496,send,11:66:F0:00:01:3D,363,,63,1
35523,send,11:66:F0:00:01:3D,364,,64,1
35528,ack,11:66:F0:00:01:3D,,0,63,1
35555,send,11:66:F0:00:01:3D,365,,64,1
35583,send,11:66:F0:00:01:3D,366,,65,1
35589,ack,11:66:F0:00:01:3D,,0,64,1
35615,send,11:66:F0:00:01:3D,367,,65,1
35642,send,11:66:F0:00:01:3D,368,,66,1
35649,ack,11:66:F0:00:01:3D,,0,65,1
35673,send,11:66:F0:00:01:3D,369,,66,1
35703,send,11:66:F0:00:01:3D,370,,67,1
35713,ack,11:66:F0:00:01:3D,,0,66,1
35738,send,11:66:F0:00:01:3D,371,,67,1
35767,send,11:66:F0:00:01:3D,372,,68,1
35777,ack,11:66:F0:00:01:3D,,0,67,1
35800,send,11:66:F0:00:01:3D,373,,68,1
35826,send,11:66:F0:00:01:3D,374,,69,1
35831,ack,11:66:F0:00:01:3D,,0,68,1
35857,send,11:66:F0:00:01:3D,375,,69,1
35883,send,11:66:F0:00:01:3D,376,,70,1
35888,ack,11:66:F0:00:01:3D,,0,69,1
35913,send,11:66:F0:00:01:3D,377,,70,1
35938,send,11:66:F0:00:01:3D,378,,71,1
35945,ack,11:66:F0:00:01:3D,,0,70,1
35968,send,11:66:F0:00:01:3D,379,,71,1
35995,send,11:66:F0:00:01:3D,380,,72,1
36006,ack,11:66:F0:00:01:3D,,0,71,1
36031,send,11:66:F0:00:01:3D,381,,72,1
36058,send,11:66:F0:00:01:3D,382,,73,1
36067,ack,11:66:F0:00:01:3D,,0,72,1
36093,send,11:66:F0:00:01:3D,383,,73,1
36120,send,11:66:F0:00:01:3D,384,,74,1
36127,ack,11:66:F0:00:01:3D,,0,73,1
36152,send,11:66:F0:00:01:3D,385,,74,1
36180,send,11:66:F0:00:01:3D,386,,75,1
36187,ack,11:66:F0:00:01:3D,,0,74,1
36212,send,11:66:F0:00:01:3D,387,,75,1
36239,send,11:66:F0:00:01:3D,388,,76,1
36249,ack,11:66:F0:00:01:3D,,0,75,1
36273,send,11:66:F0:00:01:3D,389,,76,1
36302,send,11:66:F0:00:01:3D,390,,77,1
36311,ack,11:66:F0:00:01:3D,,0,76,1
36335,send,11:66:F0:00:01:3D,391,,77,1
36363,send,11:66:F0:00:01:3D,392,,78,1
36370,ack,11:66:F0:00:01:3D,,0,77,1
36397,send,11:66:F0:00:01:3D,393,,78,1
36425,send,11:66:F0:00:01:3D,394,,79,1
36433,ack,11:66:F0:00:01:3D,,0,78,1
36458,send,11:66:F0:00:01:3D,395,,79,1
36485,send,11:66:F0:00:01:3D,396,,80,1
36491,ack,11:66:F0:00:01:3D,,0,79,1
36517,send,11:66:F0:00:01:3D,397,,80,1
36543,send,11:66:F0:00:01:3D,398,,81,1
36551,ack,11:66:F0:00:01:3D,,0,80,1
36576,send,11:66:F0:00:01:3D,399,,81,1
36604,send,11:66:F0:00:01:3D,400,,82,1
36612,ack,11:66:F0:00:01:3D,,0,81,1
36639,send,11:66:F0:00:01:3D,401,,82,1
36666,send,11:66:F0:00:01:3D,402,,83,1
36673,ack,11:66:F0:00:01:3D,,0,82,1
36698,send,11:66:F0:00:01:3D,403,,83,1
36725,send,11:66:F0:00:01:3D,404,,84,1
36734,ack,11:66:F0:00:01:3D,,0,83,1
36760,send,11:66:F0:00:01:3D,405,,84,1
36788,send,11:66:F0:00:01:3D,406,,85,1
36796,ack,11:66:F0:00:01:3D,,0,84,1
36820,send,11:66:F0:00:01:3D,407,,85,1
36846,send,11:66:F0:00:01:3D,408,,86,1
36852,ack,11:66:F0:00:01:3D,,0,85,1
36876,send,11:66:F0:00:01:3D,409,,86,1
36903,send,11:66:F0:00:01:3D,410,,87,1
36911,ack,11:66:F0:00:01:3D,,0,86,1
36934,send,11:66:F0:00:01:3D,411,,87,1
36962,send,11:66:F0:00:01:3D,412,,88,1
36968,ack,11:66:F0:00:01:3D,,0,87,1
36993,send,11:66:F0:00:01:3D,413,,88,1
37021,send,11:66:F0:00:01:3D,414,,89,1
37028,ack,11:66:F0:00:01:3D,,0,88,1
37053,send,11:66:F0:00:01:3D,415,,89,1
37080,send,11:66:F0:00:01:3D,416,,90,1
37088,ack,11:66:F0:00:01:3D,,0,89,1
37113,send,11:66:F0:00:01:3D,417,,90,1
37141,send,11:66:F0:00:01:3D,418,,91,1
37151,ack,11:66:F0:00:01:3D,,0,90,1
37174,send,11:66:F0:00:01:3D,419,,91,1
37202,send,11:66:F0:00:01:3D,420,,92,1
37208,ack,11:66:F0:00:01:3D,,0,91,1
37233,send,11:66:F0:00:01:3D,421,,92,1
37261,send,11:66:F0:00:01:3D,422,,93,1
37268,ack,11:66:F0:00:01:3D,,0,92,1
37294,send,11:66:F0:00:01:3D,423,,93,1
37320,send,11:66:F0:00:01:3D,424,,94,1
37327,ack,11:66:F0:00:01:3D,,0,93,1
37351,send,11:66:F0:00:01:3D,425,,94,1
37379,send,11:66:F0:00:01:3D,426,,95,1
37385,ack,11:66:F0:00:01:3D,,0,94,1
37412,send,11:66:F0:00:01:3D,427,,95,1
37438,send,11:66:F0:00:01:3D,428,,96,1
37444,ack,11:66:F0:00:01:3D,,0,95,1
37469,send,11:66:F0:00:01:3D,429,,96,1
37497,send,11:66:F0:00:01:3D,430,,97,1
37503,ack,11:66:F0:00:01:3D,,0,96,1
37527,send,11:66:F0:00:01:3D,431,,97,1
37553,send,11:66:F0:00:01:3D,432,,98,1
37560,ack,11:66:F0:00:01:3D,,0,97,1
37583,send,11:66:F0:00:01:3D,433,,98,1
37610,send,11:66:F0:00:01:3D,434,,99,1
37617,ack,11:66:F0:00:01:3D,,0,98,1
37642,send,11:66:F0:00:01:3D,435,,99,1
37670,send,11:66:F0:00:01:3D,436,,100,1
37677,ack,11:66:F0:00:01:3D,,0,99,1
37704,send,11:66:F0:00:01:3D,437,,100,1
37731,send,11:66:F0:00:01:3D,438,,101,1
37736,ack,11:66:F0:00:01:3D,,0,100,1
37763,send,11:66:F0:00:01:3D,439,,101,1
37790,send,11:66:F0:00:01:3D,440,,102,1
37796,ack,11:66:F0:00:01:3D,,0,101,1
37823,send,11:66:F0:00:01:3D,441,,102,1
37850,send,11:66:F0:00:01:3D,442,,103,1
37860,ack,11:66:F0:00:01:3D,,0,102,1
37884,send,11:66:F0:00:01:3D,443,,103,1
37911,send,11:66:F0:00:01:3D,444,,104,1
37918,ack,11:66:F0:00:01:3D,,0,103,1
37942,send,11:66:F0:00:01:3D,445,,104,1
37970,send,11:66:F0:00:01:3D,446,,105,1
37977,ack,11:66:F0:00:01:3D,,0,104,1
38003,send,11:66:F0:00:01:3D,447,,105,1
38030,send,11:66:F0:00:01:3D,448,,106,1
38037,ack,11:66:F0:00:01:3D,,0,105,1
38063,send,11:66:F0:00:01:3D,449,,106,1
38090,send,11:66:F0:00:01:3D,450,,107,1
38096,ack,11:66:F0:00:01:3D,,0,106,1
38123,send,11:66:F0:00:01:3D,451,,107,1
38150,send,11:66:F0:00:01:3D,452,,108,1
38157,ack,11:66:F0:00:01:3D,,0,107,1
38182,send,11:66:F0:00:01:3D,453,,108,1
38209,send,11:66:F0:00:01:3D,454,,109,1
38215,ack,11:66:F0:00:01:3D,,0,108,1
38241,send,11:66:F0:00:01:3D,455,,109,1
38269,send,11:66:F0:00:01:3D,456,,110,1
38276,ack,11:66:F0:00:01:3D,,0,109,1
38302,send,11:66:F0:00:01:3D,457,,110,1
38330,send,11:66:F0:00:01:3D,458,,111,1
38338,ack,11:66:F0:00:01:3D,,0,110,1
38363,send,11:66:F0:00:01:3D,459,,111,1
38390,send,11:66:F0:00:01:3D,460,,112,1
38398,ack,11:66:F0:00:01:3D,,0,111,1
38423,send,11:66:F0:00:01:3D,461,,112,1
38451,send,11:66:F0:00:01:3D,462,,113,1
38460,ack,11:66:F0:00:01:3D,,0,112,1
38485,send,11:66:F0:00:01:3D,463,,113,1
38512,send,11:66:F0:00:01:3D,464,,114,1
38520,ack,11:66:F0:00:01:3D,,0,113,1
38543,send,11:66:F0:00:01:3D,465,,114,1
38571,send,11:66:F0:00:01:3D,466,,115,1
38577,ack,11:66:F0:00:01:3D,,0,114,1
38602,send,11:66:F0:00:01:3D,467,,115,1
38629,send,11:66:F0:00:01:3D,468,,116,1
38637,ack,11:66:F0:00:01:3D,,0,115,1
38660,send,11:66:F0:00:01:3D,469,,116,1
38687,send,11:66:F0:00:01:3D,470,,117,1
38696,ack,11:66:F0:00:01:3D,,0,116,1
38719,send,11:66:F0:00:01:3D,471,,117,1
38745,send,11:66:F0:00:01:3D,472,,118,1
38751,ack,11:66:F0:00:01:3D,,0,117,1
38776,send,11:66:F0:00:01:3D,473,,118,1
38804,send,11:66:F0:00:01:3D,474,,119,1
38812,ack,11:66:F0:00:01:3D,,0,118,1
38837,send,11:66:F0:00:01:3D,475,,119,1
38864,send,11:66:F0:00:01:3D,476,,120,1
38871,ack,11:66:F0:00:01:3D,,0,119,1
38896,send,11:66:F0:00:01:3D,477,,120,1
38924,send,11:66:F0:00:01:3D,478,,121,1
38929,ack,11:66:F0:00:01:3D,,0,120,1
38953,send,11:66:F0:00:01:3D,479,,121,1
38979,send,11:66:F0:00:01:3D,480,,122,1
38984,ack,11:66:F0:00:01:3D,,0,121,1
39010,send,11:66:F0:00:01:3D,481,,122,1
39037,send,11:66:F0:00:01:3D,482,,123,1
39044,ack,11:66:F0:00:01:3D,,0,122,1
39072,send,11:66:F0:00:01:3D,483,,123,1
39099,send,11:66:F0:00:01:3D,484,,124,1
39103,ack,11:66:F0:00:01:3D,,0,123,1
39130,send,11:66:F0:00:01:3D,485,,124,1
39156,send,11:66:F0:00:01:3D,486,,125,1
39163,ack,11:66:F0:00:01:3D,,0,124,1
39187,send,11:66:F0:00:01:3D,487,,125,1
39214,send,11:66:F0:00:01:3D,488,,126,1
39220,ack,11:66:F0:00:01:3D,,0,125,1
39244,send,11:66:F0:00:01:3D,489,,126,1
39273,send,11:66:F0:00:01:3D,490,,127,1
39280,ack,11:66:F0:00:01:3D,,0,126,1
39306,send,11:66:F0:00:01:3D,491,,127,1
39332,send,11:66:F0:00:01:3D,492,,128,1
39338,ack,11:66:F0:00:01:3D,,0,127,1
39364,send,11:66:F0:00:01:3D,493,,128,1
39391,send,11:66:F0:00:01:3D,494,,129,1
39397,ack,11:66:F0:00:01:3D,,0,128,1
39424,send,11:66:F0:00:01:3D,495,,129,1
39452,send,11:66:F0:00:01:3D,496,,130,1
39458,ack,11:66:F0:00:01:3D,,0,129,1
39481,send,11:66:F0:00:01:3D,497,,130,1
39508,send,11:66:F0:00:01:3D,498,,131,1
39516,ack,11:66:F0:00:01:3D,,0,130,1
39540,send,11:66:F0:00:01:3D,499,,131,1
39567,send,11:66:F0:00:01:3D,500,,132,1
39574,ack,11:66:F0:00:01:3D,,0,131,1
39599,send,11:66:F0:00:01:3D,501,,132,1
39626,send,11:66:F0:00:01:3D,502,,133,1
39632,ack,11:66:F0:00:01:3D,,0,132,1
39659,send,11:66:F0:00:01:3D,503,,133,1
39686,send,11:66:F0:00:01:3D,504,,134,1
39691,ack,11:66:F0:00:01:3D,,0,133,1
39749,ack,11:66:F0:00:01:3D,,0,132,1
40392,send,11:66:F0:00:01:3D,505,,133,1
40400,ack,11:66:F0:00:01:3D,,0,132,1
40418,send,11:66:F0:00:01:3D,506,,133,1
40442,send,11:66:F0:00:01:3D,507,,134,1
40463,ack,11:66:F0:00:01:3D,,0,133,1
40464,send,11:66:F0:00:01:3D,508,,134,1
40488,send,11:66:F0:00:01:3D,509,,135,1
40508,send,11:66:F0:00:01:3D,510,,136,1
40522,ack,11:66:F0:00:01:3D,,0,135,1
40530,send,11:66:F0:00:01:3D,511,,136,1
40553,send,11:66:F0:00:01:3D,512,,137,1
40574,send,11:66:F0:00:01:3D,513,,138,1
40583,ack,11:66:F0:00:01:3D,,0,137,1
40601,send,11:66:F0:00:01:3D,514,,138,1
40623,send,11:66:F0:00:01:3D,515,,139,1
40641,ack,11:66:F0:00:01:3D,,0,138,1
40643,send,11:66:F0:00:01:3D,516,,139,1
40666,send,11:66:F0:00:01:3D,517,,140,1
40688,send,11:66:F0:00:01:3D,518,,141,1
40699,ack,11:66:F0:00:01:3D,,0,140,1
40708,send,11:66:F0:00:01:3D,519,,141,1
40730,send,11:66:F0:00:01:3D,520,,142,1
40752,send,11:66:F0:00:01:3D,521,,143,1
40769,ack,11:66:F0:00:01:3D,,0,142,1
40791,send,11:66:F0:00:01:3D,522,,143,1
40811,send,11:66:F0:00:01:3D,523,,144,1
40827,ack,11:66:F0:00:01:3D,,0,143,1
40833,send,11:66:F0:00:01:3D,524,,144,1
40854,send,11:66:F0:00:01:3D,525,,145,1
40876,send,11:66:F0:00:01:3D,526,,146,1
40886,ack,11:66:F0:00:01:3D,,0,145,1
40898,send,11:66:F0:00:01:3D,527,,146,1
40919,send,11:66:F0:00:01:3D,528,,147,1
40940,send,11:66:F0:00:01:3D,529,,148,1
40947,ack,11:66:F0:00:01:3D,,0,147,1
40967,send,11:66:F0:00:01:3D,530,,148,1
40989,send,11:66:F0:00:01:3D,531,,149,1
41008,ack,11:66:F0:00:01:3D,,0,148,1
41011,send,11:66:F0:00:01:3D,532,,149,1
41034,send,11:66:F0:00:01:3D,533,,150,1
41057,send,11:66:F0:00:01:3D,534,,151,1
41068,ack,11:66:F0:00:01:3D,,0,150,1
41087,send,11:66:F0:00:01:3D,535,,151,1
41109,send,11:66:F0:00:01:3D,536,,152,1
41128,ack,11:66:F0:00:01:3D,,0,151,1
41131,send,11:66:F0:00:01:3D,537,,152,1
41153,send,11:66:F0:00:01:3D,538,,153,1
41175,send,11:66:F0:00:01:3D,539,,154,1
41187,ack,11:66:F0:00:01:3D,,0,153,1
41197,send,11:66:F0:00:01:3D,540,,154,1
41219,send,11:66:F0:00:01:3D,541,,155,1
41241,send,11:66:F0:00:01:3D,542,,156,1
41248,ack,11:66:F0:00:01:3D,,0,155,1
41266,send,11:66:F0:00:01:3D,543,,156,1
41289,send,11:66:F0:00:01:3D,544,,157,1
41309,ack,11:66:F0:00:01:3D,,0,156,1
41310,send,11:66:F0:00:01:3D,545,,157,1
41331,send,11:66:F0:00:01:3D,546,,158,1
41354,send,11:66:F0:00:01:3D,547,,159,1
41368,ack,11:66:F0:00:01:3D,,0,158,1
41374,send,11:66:F0:00:01:3D,548,,159,1
41396,send,11:66:F0:00:01:3D,549,,160,1
41417,send,11:66:F0:00:01:3D,550,,161,1
41425,ack,11:66:F0:00:01:3D,,0,160,1
41444,send,11:66:F0:00:01:3D,551,,161,1
41466,send,11:66:F0:00:01:3D,552,,162,1
41484,ack,11:66:F0:00:01:3D,,0,161,1
41487,send,11:66:F0:00:01:3D,553,,162,1
41509,send,11:66:F0:00:01:3D,554,,163,1
41531,send,11:66:F0:00:01:3D,555,,164,1
41544,ack,11:66:F0:00:01:3D,,0,163,1
41552,send,11:66:F0:00:01:3D,556,,164,1
41575,send,11:66:F0:00:01:3D,557,,165,1
41596,send,11:66:F0:00:01:3D,558,,166,1
41601,ack,11:66:F0:00:01:3D,,0,165,1
41621,send,11:66:F0:00:01:3D,559,,166,1
41644,send,11:66:F0:00:01:3D,560,,167,1
41662,ack,11:66:F0:00:01:3D,,0,166,1
41665,send,11:66:F0:00:01:3D,561,,167,1
41687,send,11:66:F0:00:01:3D,562,,168,1
41708,send,11:66:F0:00:01:3D,563,,169,1
41721,ack,11:66:F0:00:01:3D,,0,168,1
41730,send,11:66:F0:00:01:3D,564,,169,1
41752,send,11:66:F0:00:01:3D,565,,170,1
41774,send,11:66:F0:00:01:3D,566,,171,1
41780,ack,11:66:F0:00:01:3D,,0,170,1
41802,send,11:66:F0:00:01:3D,567,,171,1
41824,send,11:66:F0:00:01:3D,568,,172,1
41841,ack,11:66:F0:00:01:3D,,0,171,1
41852,send,11:66:F0:00:01:3D,569,,172,1
41874,send,11:66:F0:00:01:3D,570,,173,1
41896,send,11:66:F0:00:01:3D,571,,174,1
41900,ack,11:66:F0:00:01:3D,,0,173,1
41921,send,11:66:F0:00:01:3D,572,,174,1
41944,send,11:66:F0:00:01:3D,573,,175,1
41962,ack,11:66:F0:00:01:3D,,0,174,1
41966,send,11:66:F0:00:01:3D,574,,175,1
41989,send,11:66:F0:00:01:3D,575,,176,1
42012,send,11:66:F0:00:01:3D,576,,177,1
42021,ack,11:66:F0:00:01:3D,,0,176,1
42042,send,11:66:F0:00:01:3D,577,,177,1
42064,send,11:66:F0:00:01:3D,578,,178,1
42082,ack,11:66:F0:00:01:3D,,0,177,1
42086,send,11:66:F0:00:01:3D,579,,178,1
42107,send,11:66:F0:00:01:3D,580,,179,1
42129,send,11:66:F0:00:01:3D,581,,180,1
42142,ack,11:66:F0:00:01:3D,,0,179,1
42150,send,11:66:F0:00:01:3D,582,,180,1
42172,send,11:66:F0:00:01:3D,583,,181,1
42193,send,11:66:F0:00:01:3D,584,,182,1
42199,ack,11:66:F0:00:01:3D,,0,181,1
42220,send,11:66:F0:00:01:3D,585,,182,1
42243,send,11:66:F0:00:01:3D,586,,183,1
42259,ack,11:66:F0:00:01:3D,,0,182,1
42265,send,11:66:F0:00:01:3D,587,,183,1
42287,send,11:66:F0:00:01:3D,588,,184,1
42308,send,11:66:F0:00:01:3D,589,,185,1
42315,ack,11:66:F0:00:01:3D,,0,184,1
42333,send,11:66:F0:00:01:3D,590,,185,1
42355,send,11:66:F0:00:01:3D,591,,186,1
42374,ack,11:66:F0:00:01:3D,,0,185,1
42377,send,11:66:F0:00:01:3D,592,,186,1
42398,send,11:66:F0:00:01:3D,593,,187,1
42420,send,11:66:F0:00:01:3D,594,,188,1
42432,ack,11:66:F0:00:01:3D,,0,187,1
42442,send,11:66:F0:00:01:3D,595,,188,1
42463,send,11:66:F0:00:01:3D,596,,189,1
42485,send,11:66:F0:00:01:3D,597,,190,1
42490,ack,11:66:F0:00:01:3D,,0,189,1
42509,send,11:66:F0:00:01:3D,598,,190,1
42530,send,11:66:F0:00:01:3D,599,,191,1
42551,ack,11:66:F0:00:01:3D,,0,190,1
42552,send,11:66:F0:00:01:3D,600,,191,1
42573,send,11:66:F0:00:01:3D,601,,192,1
42594,send,11:66:F0:00:01:3D,602,,193,1
42611,ack,11:66:F0:00:01:3D,,0,192,1
42616,send,11:66:F0:00:01:3D,603,,193,1
42639,send,11:66:F0:00:01:3D,604,,194,1
42661,send,11:66:F0:00:01:3D,605,,195,1
42668,ack,11:66:F0:00:01:3D,,0,194,1
42687,send,11:66:F0:00:01:3D,606,,195,1
42709,send,11:66:F0:00:01:3D,607,,196,1
42725,ack,11:66:F0:00:01:3D,,0,195,1
42730,send,11:66:F0:00:01:3D,608,,196,1
42752,send,11:66:F0:00:01:3D,609,,197,1
42773,send,11:66:F0:00:01:3D,610,,198,1
42783,ack,11:66:F0:00:01:3D,,0,197,1
42795,send,11:66:F0:00:01:3D,611,,198,1
42817,send,11:66:F0:00:01:3D,612,,199,1
42840,send,11:66:F0:00:01:3D,613,,200,1
42842,ack,11:66:F0:00:01:3D,,0,199,1
42861,send,11:66:F0:00:01:3D,614,,200,1
42883,send,11:66:F0:00:01:3D,615,,201,1
42902,ack,11:66:F0:00:01:3D,,0,200,1
42904,send,11:66:F0:00:01:3D,616,,201,1
42926,send,11:66:F0:00:01:3D,617,,202,1
42947,send,11:66:F0:00:01:3D,618,,203,1
42960,ack,11:66:F0:00:01:3D,,0,202,1
42967,send,11:66:F0:00:01:3D,619,,203,1
42989,send,11:66:F0:00:01:3D,620,,204,1
43010,send,11:66:F0:00:01:3D,621,,205,1
43016,ack,11:66:F0:00:01:3D,,0,204,1
43036,send,11:66:F0:00:01:3D,622,,205,1
43058,send,11:66:F0:00:01:3D,623,,206,1
43074,ack,11:66:F0:00:01:3D,,0,205,1
43080,send,11:66:F0:00:01:3D,624,,206,1
43101,send,11:66:F0:00:01:3D,625,,207,1
43123,send,11:66:F0:00:01:3D,626,,208,1
43130,ack,11:66:F0:00:01:3D,,0,207,1
43153,send,11:66:F0:00:01:3D,627,,208,1
43174,send,11:66:F0:00:01:3D,628,,209,1
43193,ack,11:66:F0:00:01:3D,,0,208,1
43196,send,11:66:F0:00:01:3D,629,,209,1
43218,send,11:66:F0:00:01:3D,630,,210,1
43241,send,11:66:F0:00:01:3D,631,,211,1
43255,ack,11:66:F0:00:01:3D,,0,210,1
43261,send,11:66:F0:00:01:3D,632,,211,1
43284,send,11:66:F0:00:01:3D,633,,212,1
43307,send,11:66:F0:00:01:3D,634,,213,1
43313,ack,11:66:F0:00:01:3D,,0,212,1
43332,send,11:66:F0:00:01:3D,635,,213,1
43353,send,11:66:F0:00:01:3D,636,,214,1
43375,send,11:66:F0:00:01:3D,637,,215,1
43375,ack,11:66:F0:00:01:3D,,0,214,1
43396,send,11:66:F0:00:01:3D,638,,215,1
43418,send,11:66:F0:00:01:3D,639,,216,1
43435,ack,11:66:F0:00:01:3D,,0,215,1
43439,send,11:66:F0:00:01:3D,640,,216,1
43461,send,11:66:F0:00:01:3D,641,,217,1
43481,send,11:66:F0:00:01:3D,642,,218,1
43494,ack,11:66:F0:00:01:3D,,0,217,1
43504,send,11:66:F0:00:01:3D,643,,218,1
43527,send,11:66:F0:00:01:3D,644,,219,1
43547,send,11:66:F0:00:01:3D,645,,220,1
43555,ack,11:66:F0:00:01:3D,,0,219,1
43573,send,11:66:F0:00:01:3D,646,,220,1
43594,send,11:66:F0:00:01:3D,647,,221,1
43615,ack,11:66:F0:00:01:3D,,0,220,1
43615,send,11:66:F0:00:01:3D,648,,221,1
43637,send,11:66:F0:00:01:3D,649,,222,1
43658,send,11:66:F0:00:01:3D,650,,223,1
43674,ack,11:66:F0:00:01:3D,,0,222,1
43680,send,11:66:F0:00:01:3D,651,,223,1
43703,send,11:66:F0:00:01:3D,652,,224,1
43725,send,11:66:F0:00:01:3D,653,,225,1
43732,ack,11:66:F0:00:01:3D,,0,224,1
43750,send,11:66:F0:00:01:3D,654,,225,1
43773,send,11:66:F0:00:01:3D,655,,226,1
43794,send,11:66:F0:00:01:3D,656,,227,1
43794,ack,11:66:F0:00:01:3D,,0,226,1
43815,send,11:66:F0:00:01:3D,657,,227,1
43836,send,11:66:F0:00:01:3D,658,,228,1
43852,ack,11:66:F0:00:01:3D,,0,227,1
43858,send,11:66:F0:00:01:3D,659,,228,1
43879,send,11:66:F0:00:01:3D,660,,229,1
43901,send,11:66:F0:00:01:3D,661,,230,1
43908,ack,11:66:F0:00:01:3D,,0,229,1
43930,send,11:66:F0:00:01:3D,662,,230,1
43951,send,11:66:F0:00:01:3D,663,,231,1
43969,ack,11:66:F0:00:01:3D,,0,230,1
43972,send,11:66:F0:00:01:3D,664,,231,1
43995,send,11:66:F0:00:01:3D,665,,232,1
44016,send,11:66:F0:00:01:3D,666,,233,1
44024,ack,11:66:F0:00:01:3D,,0,232,1
44037,send,11:66:F0:00:01:3D,667,,233,1
44059,send,11:66:F0:00:01:3D,668,,234,1
44080,ack,11:66:F0:00:01:3D,,0,233,1
44080,send,11:66:F0:00:01:3D,669,,234,1
44101,send,11:66:F0:00:01:3D,670,,235,1
44123,send,11:66:F0:00:01:3D,671,,236,1
44136,ack,11:66:F0:00:01:3D,,0,235,1
44144,send,11:66:F0:00:01:3D,672,,236,1
44165,send,11:66:F0:00:01:3D,673,,237,1
44187,send,11:66:F0:00:01:3D,674,,238,1
44195,ack,11:66:F0:00:01:3D,,0,237,1
44213,send,11:66:F0:00:01:3D,675,,238,1
44235,send,11:66:F0:00:01:3D,676,,239,1
44254,ack,11:66:F0:00:01:3D,,0,238,1
44257,send,11:66:F0:00:01:3D,677,,239,1
44278,send,11:66:F0:00:01:3D,678,,240,1
44300,send,11:66:F0:00:01:3D,679,,241,1
44314,ack,11:66:F0:00:01:3D,,0,240,1
44323,send,11:66:F0:00:01:3D,680,,241,1
44345,send,11:66:F0:00:01:3D,681,,242,1
44366,send,11:66:F0:00:01:3D,682,,243,1
44374,ack,11:66:F0:00:01:3D,,0,242,1
44394,send,11:66:F0:00:01:3D,683,,243,1
44417,send,11:66:F0:00:01:3D,684,,244,1
44434,ack,11:66:F0:00:01:3D,,0,243,1
44439,send,11:66:F0:00:01:3D,685,,244,1
44461,send,11:66:F0:00:01:3D,686,,245,1
44484,send,11:66:F0:00:01:3D,687,,246,1
44491,ack,11:66:F0:00:01:3D,,0,245,1
44511,send,11:66:F0:00:01:3D,688,,246,1
44535,send,11:66:F0:00:01:3D,689,,247,1
44552,ack,11:66:F0:00:01:3D,,0,246,1
44556,send,11:66:F0:00:01:3D,690,,247,1
44579,send,11:66:F0:00:01:3D,691,,248,1
44603,send,11:66:F0:00:01:3D,692,,249,1
44610,ack,11:66:F0:00:01:3D,,0,248,1
44630,send,11:66:F0:00:01:3D,693,,249,1
44653,send,11:66:F0:00:01:3D,694,,250,1
44672,ack,11:66:F0:00:01:3D,,0,249,1
44674,send,11:66:F0:00:01:3D,695,,250,1
44697,send,11:66:F0:00:01:3D,696,,251,1
44719,send,11:66:F0:00:01:3D,697,,252,1
44732,ack,11:66:F0:00:01:3D,,0,251,1
44741,send,11:66:F0:00:01:3D,698,,252,1
44764,send,11:66:F0:00:01:3D,699,,253,1
44785,send,11:66:F0:00:01:3D,700,,254,1
44790,ack,11:66:F0:00:01:3D,,0,253,1
44810,send,11:66:F0:00:01:3D,701,,254,1
44832,send,11:66:F0:00:01:3D,702,,255,1
44849,ack,11:66:F0:00:01:3D,,0,254,1
44854,send,11:66:F0:00:01:3D,703,,255,1
44876,send,11:66:F0:00:01:3D,704,,256,1
44898,send,11:66:F0:00:01:3D,705,,257,1
44905,ack,11:66:F0:00:01:3D,,0,256,1
45604,send,11:66:F0:00:01:3D,706,,257,1
45612,ack,11:66:F0:00:01:3D,,0,256,1
45625,send,11:66:F0:00:01:3D,707,,257,1
45642,send,11:66:F0:00:01:3D,708,,258,1
45658,send,11:66:F0:00:01:3D,709,,259,1
45670,ack,11:66:F0:00:01:3D,,0,258,1
45675,send,11:66:F0:00:01:3D,710,,259,1
45691,send,11:66:F0:00:01:3D,711,,260,1
45708,send,11:66:F0:00:01:3D,712,,261,1
45725,send,11:66:F0:00:01:3D,713,,262,1
45730,ack,11:66:F0:00:01:3D,,0,261,1
45742,send,11:66:F0:00:01:3D,714,,262,1
45758,send,11:66:F0:00:01:3D,715,,263,1
45775,send,11:66:F0:00:01:3D,716,,264,1
45786,ack,11:66:F0:00:01:3D,,0,263,1
45791,send,11:66:F0:00:01:3D,717,,264,1
45808,send,11:66:F0:00:01:3D,718,,265,1
45823,send,11:66:F0:00:01:3D,719,,266,1
45844,ack,11:66:F0:00:01:3D,,0,265,1
45852,send,11:66:F0:00:01:3D,720,,266,1
45868,send,11:66:F0:00:01:3D,721,,267,1
45885,send,11:66:F0:00:01:3D,722,,268,1
45901,send,11:66:F0:00:01:3D,723,,269,1
45904,ack,11:66:F0:00:01:3D,,0,268,1
45919,send,11:66:F0:00:01:3D,724,,269,1
45936,send,11:66:F0:00:01:3D,725,,270,1
45952,send,11:66:F0:00:01:3D,726,,271,1
45966,ack,11:66:F0:00:01:3D,,0,270,1
45969,send,11:66:F0:00:01:3D,727,,271,1
45986,send,11:66:F0:00:01:3D,728,,272,1
46003,send,11:66:F0:00:01:3D,729,,273,1
46019,send,11:66:F0:00:01:3D,730,,274,1
46025,ack,11:66:F0:00:01:3D,,0,273,1
46039,send,11:66:F0:00:01:3D,731,,274,1
46055,send,11:66:F0:00:01:3D,732,,275,1
46074,send,11:66:F0:00:01:3D,733,,276,1
46083,ack,11:66:F0:00:01:3D,,0,275,1
46098,send,11:66:F0:00:01:3D,734,,276,1
46116,send,11:66:F0:00:01:3D,735,,277,1
46133,send,11:66:F0:00:01:3D,736,,278,1
46141,ack,11:66:F0:00:01:3D,,0,277,1
46155,send,11:66:F0:00:01:3D,737,,278,1
46172,send,11:66:F0:00:01:3D,738,,279,1
46189,send,11:66:F0:00:01:3D,739,,280,1
46204,ack,11:66:F0:00:01:3D,,0,279,1
46205,send,11:66:F0:00:01:3D,740,,280,1
46224,send,11:66:F0:00:01:3D,741,,281,1
46240,send,11:66:F0:00:01:3D,742,,282,1
46257,send,11:66:F0:00:01:3D,743,,283,1
46266,ack,11:66:F0:00:01:3D,,0,282,1
46281,send,11:66:F0:00:01:3D,744,,283,1
46298,send,11:66:F0:00:01:3D,745,,284,1
46314,send,11:66:F0:00:01:3D,746,,285,1
46326,ack,11:66:F0:00:01:3D,,0,284,1
46332,send,11:66:F0:00:01:3D,747,,285,1
46348,send,11:66:F0:00:01:3D,748,,286,1
46365,send,11:66:F0:00:01:3D,749,,287,1
46381,send,11:66:F0:00:01:3D,750,,288,1
46385,ack,11:66:F0:00:01:3D,,0,287,1
46398,send,11:66:F0:00:01:3D,751,,288,1
46414,send,11:66:F0:00:01:3D,752,,289,1
46432,send,11:66:F0:00:01:3D,753,,290,1
46444,ack,11:66:F0:00:01:3D,,0,289,1
46448,send,11:66:F0:00:01:3D,754,,290,1
46464,send,11:66:F0:00:01:3D,755,,291,1
46481,send,11:66:F0:00:01:3D,756,,292,1
46498,send,11:66:F0:00:01:3D,757,,293,1
46503,ack,11:66:F0:00:01:3D,,0,292,1
46519,send,11:66:F0:00:01:3D,758,,293,1
46537,send,11:66:F0:00:01:3D,759,,294,1
46553,send,11:66:F0:00:01:3D,760,,295,1
46558,ack,11:66:F0:00:01:3D,,0,294,1
46573,send,11:66:F0:00:01:3D,761,,295,1
46591,send,11:66:F0:00:01:3D,762,,296,1
46607,send,11:66:F0:00:01:3D,763,,297,1
46617,ack,11:66:F0:00:01:3D,,0,296,1
46622,send,11:66:F0:00:01:3D,764,,297,1
46639,send,11:66:F0:00:01:3D,765,,298,1
46655,send,11:66:F0:00:01:3D,766,,299,1
46672,send,11:66:F0:00:01:3D,767,,300,1
46674,ack,11:66:F0:00:01:3D,,0,299,1
46691,send,11:66:F0:00:01:3D,768,,300,1
46707,send,11:66:F0:00:01:3D,769,,301,1
46725,send,11:66:F0:00:01:3D,770,,302,1
46731,ack,11:66:F0:00:01:3D,,0,301,1
46745,send,11:66:F0:00:01:3D,771,,302,1
46762,send,11:66:F0:00:01:3D,772,,303,1
46778,send,11:66:F0:00:01:3D,773,,304,1
46792,ack,11:66:F0:00:01:3D,,0,303,1
46794,send,11:66:F0:00:01:3D,774,,304,1
46810,send,11:66:F0:00:01:3D,775,,305,1
46826,send,11:66:F0:00:01:3D,776,,306,1
46851,send,11:66:F0:00:01:3D,777,,307,1
46852,ack,11:66:F0:00:01:3D,,0,306,1
46866,send,11:66:F0:00:01:3D,778,,307,1
46883,send,11:66:F0:00:01:3D,779,,308,1
46899,send,11:66:F0:00:01:3D,780,,309,1
46911,ack,11:66:F0:00:01:3D,,0,308,1
46915,send,11:66:F0:00:01:3D,781,,309,1
46931,send,11:66:F0:00:01:3D,782,,310,1
46948,send,11:66:F0:00:01:3D,783,,311,1
46964,send,11:66:F0:00:01:3D,784,,312,1
46969,ack,11:66:F0:00:01:3D,,0,311,1
46985,send,11:66:F0:00:01:3D,785,,312,1
47001,send,11:66:F0:00:01:3D,786,,313,1
47017,send,11:66:F0:00:01:3D,787,,314,1
47027,ack,11:66:F0:00:01:3D,,0,313,1
47032,send,11:66:F0:00:01:3D,788,,314,1
47049,send,11:66:F0:00:01:3D,789,,315,1
47065,send,11:66:F0:00:01:3D,790,,316,1
47082,send,11:66:F0:00:01:3D,791,,317,1
47086,ack,11:66:F0:00:01:3D,,0,316,1
47099,send,11:66:F0:00:01:3D,792,,317,1
47115,send,11:66:F0:00:01:3D,793,,318,1
47131,send,11:66:F0:00:01:3D,794,,319,1
47146,ack,11:66:F0:00:01:3D,,0,318,1
47148,send,11:66:F0:00:01:3D,795,,319,1
47165,send,11:66:F0:00:01:3D,796,,320,1
47182,send,11:66:F0:00:01:3D,797,,321,1
47199,send,11:66:F0:00:01:3D,798,,322,1
47205,ack,11:66:F0:00:01:3D,,0,321,1
47220,send,11:66:F0:00:01:3D,799,,322,1
47236,send,11:66:F0:00:01:3D,800,,323,1
47254,send,11:66:F0:00:01:3D,801,,324,1
47270,ack,11:66:F0:00:01:3D,,0,323,1
47270,send,11:66:F0:00:01:3D,802,,324,1
47290,send,11:66:F0:00:01:3D,803,,325,1
47306,send,11:66:F0:00:01:3D,804,,326,1
47323,send,11:66:F0:00:01:3D,805,,327,1
47331,ack,11:66:F0:00:01:3D,,0,326,1
47345,send,11:66:F0:00:01:3D,806,,327,1
47363,send,11:66:F0:00:01:3D,807,,328,1
47380,send,11:66:F0:00:01:3D,808,,329,1
47389,ack,11:66:F0:00:01:3D,,0,328,1
47404,send,11:66:F0:00:01:3D,809,,329,1
47421,send,11:66:F0:00:01:3D,810,,330,1
47437,send,11:66:F0:00:01:3D,811,,331,1
47453,ack,11:66:F0:00:01:3D,,0,330,1
47454,send,11:66:F0:00:01:3D,812,,331,1
47471,send,11:66:F0:00:01:3D,813,,332,1
47488,send,11:66:F0:00:01:3D,814,,333,1
47506,send,11:66:F0:00:01:3D,815,,334,1
47512,ack,11:66:F0:00:01:3D,,0,333,1
47527,send,11:66:F0:00:01:3D,816,,334,1
47544,send,11:66:F0:00:01:3D,817,,335,1
47562,send,11:66:F0:00:01:3D,818,,336,1
47574,ack,11:66:F0:00:01:3D,,0,335,1
47579,send,11:66:F0:00:01:3D,819,,336,1
47596,send,11:66:F0:00:01:3D,820,,337,1
47613,send,11:66:F0:00:01:3D,821,,338,1
47629,send,11:66:F0:00:01:3D,822,,339,1
47635,ack,11:66:F0:00:01:3D,,0,338,1
47649,send,11:66:F0:00:01:3D,823,,339,1
47665,send,11:66:F0:00:01:3D,824,,340,1
47683,send,11:66:F0:00:01:3D,825,,341,1
47696,ack,11:66:F0:00:01:3D,,0,340,1
47700,send,11:66:F0:00:01:3D,826,,341,1
47718,send,11:66:F0:00:01:3D,827,,342,1
47735,send,11:66:F0:00:01:3D,828,,343,1
47752,send,11:66:F0:00:01:3D,829,,344,1
47756,ack,11:66:F0:00:01:3D,,0,343,1
47773,send,11:66:F0:00:01:3D,830,,344,1
47788,send,11:66:F0:00:01:3D,831,,345,1
47805,send,11:66:F0:00:01:3D,832,,346,1
47816,ack,11:66:F0:00:01:3D,,0,345,1
47821,send,11:66:F0:00:01:3D,833,,346,1
47838,send,11:66:F0:00:01:3D,834,,347,1
47855,send,11:66:F0:00:01:3D,835,,348,1
47871,send,11:66:F0:00:01:3D,836,,349,1
47876,ack,11:66:F0:00:01:3D,,0,348,1
47892,send,11:66:F0:00:01:3D,837,,349,1
47908,send,11:66:F0:00:01:3D,838,,350,1
47924,send,11:66:F0:00:01:3D,839,,351,1
47933,ack,11:66:F0:00:01:3D,,0,350,1
47940,send,11:66:F0:00:01:3D,840,,351,1
47958,send,11:66:F0:00:01:3D,841,,352,1
47974,send,11:66:F0:00:01:3D,842,,353,1
47990,send,11:66:F0:00:01:3D,843,,354,1
47991,ack,11:66:F0:00:01:3D,,0,353,1
48006,send,11:66:F0:00:01:3D,844,,354,1
48022,send,11:66:F0:00:01:3D,845,,355,1
48040,send,11:66:F0:00:01:3D,846,,356,1
48046,ack,11:66:F0:00:01:3D,,0,355,1
48060,send,11:66:F0:00:01:3D,847,,356,1
48077,send,11:66:F0:00:01:3D,848,,357,1
48093,send,11:66:F0:00:01:3D,849,,358,1
48107,ack,11:66:F0:00:01:3D,,0,357,1
48109,send,11:66:F0:00:01:3D,850,,358,1
48126,send,11:66:F0:00:01:3D,851,,359,1
48144,send,11:66:F0:00:01:3D,852,,360,1
48160,send,11:66:F0:00:01:3D,853,,361,1
48169,ack,11:66:F0:00:01:3D,,0,360,1
48185,send,11:66:F0:00:01:3D,854,,361,1
48201,send,11:66:F0:00:01:3D,855,,362,1
48217,send,11:66:F0:00:01:3D,856,,363,1
48229,ack,11:66:F0:00:01:3D,,0,362,1
48234,send,11:66:F0:00:01:3D,857,,363,1
48251,send,11:66:F0:00:01:3D,858,,364,1
48267,send,11:66:F0:00:01:3D,859,,365,1
48283,send,11:66:F0:00:01:3D,860,,366,1
48287,ack,11:66:F0:00:01:3D,,0,365,1
48305,send,11:66:F0:00:01:3D,861,,366,1
48321,send,11:66:F0:00:01:3D,862,,367,1
48337,send,11:66:F0:00:01:3D,863,,368,1
48344,ack,11:66:F0:00:01:3D,,0,367,1
48359,send,11:66:F0:00:01:3D,864,,368,1
48375,send,11:66:F0:00:01:3D,865,,369,1
48392,send,11:66:F0:00:01:3D,866,,370,1
48402,ack,11:66:F0:00:01:3D,,0,369,1
48408,send,11:66:F0:00:01:3D,867,,370,1
48425,send,11:66:F0:00:01:3D,868,,371,1
48442,send,11:66:F0:00:01:3D,869,,372,1
48459,send,11:66:F0:00:01:3D,870,,373,1
48459,ack,11:66:F0:00:01:3D,,0,372,1
48475,send,11:66:F0:00:01:3D,871,,373,1
48493,send,11:66:F0:00:01:3D,872,,374,1
48510,send,11:66:F0:00:01:3D,873,,375,1
48519,ack,11:66:F0:00:01:3D,,0,374,1
48533,send,11:66:F0:00:01:3D,874,,375,1
48549,send,11:66:F0:00:01:3D,875,,376,1
48566,send,11:66:F0:00:01:3D,876,,377,1
48578,ack,11:66:F0:00:01:3D,,0,376,1
48583,send,11:66:F0:00:01:3D,877,,377,1
48600,send,11:66:F0:00:01:3D,878,,378,1
48617,send,11:66:F0:00:01:3D,879,,379,1
48634,send,11:66:F0:00:01:3D,880,,380,1
48637,ack,11:66:F0:00:01:3D,,0,379,1
48654,send,11:66:F0:00:01:3D,881,,380,1
48671,send,11:66:F0:00:01:3D,882,,381,1
48686,send,11:66:F0:00:01:3D,883,,382,1
48696,ack,11:66:F0:00:01:3D,,0,381,1
48709,send,11:66:F0:00:01:3D,884,,382,1
48728,send,11:66:F0:00:01:3D,885,,383,1
48744,send,11:66:F0:00:01:3D,886,,384,1
48758,ack,11:66:F0:00:01:3D,,0,383,1
48760,send,11:66:F0:00:01:3D,887,,384,1
48776,send,11:66:F0:00:01:3D,888,,385,1
48793,send,11:66:F0:00:01:3D,889,,386,1
48809,send,11:66:F0:00:01:3D,890,,387,1
48818,ack,11:66:F0:00:01:3D,,0,386,1
48834,send,11:66:F0:00:01:3D,891,,387,1
48850,send,11:66:F0:00:01:3D,892,,388,1
48867,send,11:66:F0:00:01:3D,893,,389,1
48876,ack,11:66:F0:00:01:3D,,0,388,1
48883,send,11:66:F0:00:01:3D,894,,389,1
48899,send,11:66:F0:00:01:3D,895,,390,1
48916,send,11:66:F0:00:01:3D,896,,391,1
48933,send,11:66:F0:00:01:3D,897,,392,1
48937,ack,11:66:F0:00:01:3D,,0,391,1
48952,send,11:66:F0:00:01:3D,898,,392,1
48968,send,11:66:F0:00:01:3D,899,,393,1
48984,send,11:66:F0:00:01:3D,900,,394,1
48999,ack,11:66:F0:00:01:3D,,0,393,1
49001,send,11:66:F0:00:01:3D,901,,394,1
49018,send,11:66:F0:00:01:3D,902,,395,1
49035,send,11:66:F0:00:01:3D,903,,396,1
49051,send,11:66:F0:00:01:3D,904,,397,1
49058,ack,11:66:F0:00:01:3D,,0,396,1
49071,send,11:66:F0:00:01:3D,905,,397,1
49089,send,11:66:F0:00:01:3D,906,,398,1
49106,send,11:66:F0:00:01:3D,907,,399,1
49118,ack,11:66:F0:00:01:3D,,0,398,1
49123,send,11:66:F0:00:01:3D,908,,399,1
49140,send,11:66:F0:00:01:3D,909,,400,1
49157,send,11:66:F0:00:01:3D,910,,401,1
49173,send,11:66:F0:00:01:3D,911,,402,1
49178,ack,11:66:F0:00:01:3D,,0,401,1
49195,send,11:66:F0:00:01:3D,912,,402,1
49211,send,11:66:F0:00:01:3D,913,,403,1
49228,send,11:66:F0:00:01:3D,914,,404,1
49239,ack,11:66:F0:00:01:3D,,0,403,1
49250,send,11:66:F0:00:01:3D,915,,404,1
49267,send,11:66:F0:00:01:3D,916,,405,1
49284,send,11:66:F0:00:01:3D,917,,406,1
49298,ack,11:66:F0:00:01:3D,,0,405,1
49300,send,11:66:F0:00:01:3D,918,,406,1
49317,send,11:66:F0:00:01:3D,919,,407,1
49334,send,11:66:F0:00:01:3D,920,,408,1
49351,send,11:66:F0:00:01:3D,921,,409,1
49357,ack,11:66:F0:00:01:3D,,0,408,1
49376,send,11:66:F0:00:01:3D,922,,409,1
49394,send,11:66:F0:00:01:3D,923,,410,1
49409,send,11:66:F0:00:01:3D,924,,411,1
49417,ack,11:66:F0:00:01:3D,,0,410,1
49432,send,11:66:F0:00:01:3D,925,,411,1
49450,send,11:66:F0:00:01:3D,926,,412,1
49466,send,11:66:F0:00:01:3D,927,,413,1
49474,ack,11:66:F0:00:01:3D,,0,412,1
49486,send,11:66:F0:00:01:3D,928,,413,1
49503,send,11:66:F0:00:01:3D,929,,414,1
49520,send,11:66:F0:00:01:3D,930,,415,1
49532,ack,11:66:F0:00:01:3D,,0,414,1
49537,send,11:66:F0:00:01:3D,931,,415,1
49554,send,11:66:F0:00:01:3D,932,,416,1
49570,send,11:66:F0:00:01:3D,933,,417,1
49586,send,11:66:F0:00:01:3D,934,,418,1
49592,ack,11:66:F0:00:01:3D,,0,417,1
49606,send,11:66:F0:00:01:3D,935,,418,1
49622,send,11:66:F0:00:01:3D,936,,419,1
49638,send,11:66:F0:00:01:3D,937,,420,1
49651,ack,11:66:F0:00:01:3D,,0,419,1
49655,send,11:66:F0:00:01:3D,938,,420,1
49672,send,11:66:F0:00:01:3D,939,,421,1
49688,send,11:66:F0:00:01:3D,940,,422,1
49705,send,11:66:F0:00:01:3D,941,,423,1
49708,ack,11:66:F0:00:01:3D,,0,422,1
49724,send,11:66:F0:00:01:3D,942,,423,1
49740,send,11:66:F0:00:01:3D,943,,424,1
49756,send,11:66:F0:00:01:3D,944,,425,1
49768,ack,11:66:F0:00:01:3D,,0,424,1
49772,send,11:66:F0:00:01:3D,945,,425,1
49789,send,11:66:F0:00:01:3D,946,,426,1
49805,send,11:66:F0:00:01:3D,947,,427,1
49821,send,11:66:F0:00:01:3D,948,,428,1
49827,ack,11:66:F0:00:01:3D,,0,427,1
49851,send,11:66:F0:00:01:3D,949,,428,1
49867,send,11:66:F0:00:01:3D,950,,429,1
49883,send,11:66:F0:00:01:3D,951,,430,1
49887,ack,11:66:F0:00:01:3D,,0,429,1
49900,send,11:66:F0:00:01:3D,952,,430,1
49916,send,11:66:F0:00:01:3D,953,,431,1
49932,send,11:66:F0:00:01:3D,954,,432,1
49945,ack,11:66:F0:00:01:3D,,0,431,1
49948,send,11:66:F0:00:01:3D,955,,432,1
49965,send,11:66:F0:00:01:3D,956,,433,1
49980,send,11:66:F0:00:01:3D,957,,434,1
49997,send,11:66:F0:00:01:3D,958,,435,1
50003,ack,11:66:F0:00:01:3D,,0,434,1
50018,send,11:66:F0:00:01:3D,959,,435,1
50035,send,11:66:F0:00:01:3D,960,,436,1
50052,send,11:66:F0:00:01:3D,961,,437,1
50059,ack,11:66:F0:00:01:3D,,0,436,1
50072,send,11:66:F0:00:01:3D,962,,437,1
50089,send,11:66:F0:00:01:3D,963,,438,1
50106,send,11:66:F0:00:01:3D,964,,439,1
50119,ack,11:66:F0:00:01:3D,,0,438,1
50123,send,11:66:F0:00:01:3D,965,,439,1
50140,send,11:66:F0:00:01:3D,966,,440,1
50180,ack,11:66:F0:00:01:3D,,0,439,1
50850,send,11:66:F0:00:01:3D,967,,440,1
50857,ack,11:66:F0:00:01:3D,,0,439,1
50867,send,11:66:F0:00:01:3D,968,,440,1
50880,send,11:66:F0:00:01:3D,969,,441,1
50895,send,11:66:F0:00:01:3D,970,,442,1
50910,send,11:66:F0:00:01:3D,971,,443,1
50916,ack,11:66:F0:00:01:3D,,0,442,1
50927,send,11:66:F0:00:01:3D,972,,443,1
50940,send,11:66:F0:00:01:3D,973,,444,1
50954,send,11:66:F0:00:01:3D,974,,445,1
50967,send,11:66:F0:00:01:3D,975,,446,1
50973,ack,11:66:F0:00:01:3D,,0,445,1
50984,send,11:66:F0:00:01:3D,976,,446,1
50998,send,11:66:F0:00:01:3D,977,,447,1
51010,send,11:66:F0:00:01:3D,978,,448,1
51023,send,11:66:F0:00:01:3D,979,,449,1
51032,ack,11:66:F0:00:01:3D,,0,448,1
51045,send,11:66:F0:00:01:3D,980,,449,1
51058,send,11:66:F0:00:01:3D,981,,450,1
51071,send,11:66:F0:00:01:3D,982,,451,1
51085,send,11:66:F0:00:01:3D,983,,452,1
51094,ack,11:66:F0:00:01:3D,,0,451,1
51105,send,11:66:F0:00:01:3D,984,,452,1
51119,send,11:66:F0:00:01:3D,985,,453,1
51133,send,11:66:F0:00:01:3D,986,,454,1
51147,send,11:66:F0:00:01:3D,987,,455,1
51156,ack,11:66:F0:00:01:3D,,0,454,1
51167,send,11:66:F0:00:01:3D,988,,455,1
51181,send,11:66:F0:00:01:3D,989,,456,1
51194,send,11:66:F0:00:01:3D,990,,457,1
51208,send,11:66:F0:00:01:3D,991,,458,1
51216,ack,11:66:F0:00:01:3D,,0,457,1
51228,send,11:66:F0:00:01:3D,992,,458,1
51242,send,11:66:F0:00:01:3D,993,,459,1
51256,send,11:66:F0:00:01:3D,994,,460,1
51271,send,11:66:F0:00:01:3D,995,,461,1
51277,ack,11:66:F0:00:01:3D,,0,460,1
51289,send,11:66:F0:00:01:3D,996,,461,1
51302,send,11:66:F0:00:01:3D,997,,462,1
51314,send,11:66:F0:00:01:3D,998,,463,1
51328,send,11:66:F0:00:01:3D,999,,464,1
51334,ack,11:66:F0:00:01:3D,,0,463,1
51344,send,11:66:F0:00:01:3D,1000,,464,1
51358,send,11:66:F0:00:01:3D,1001,,465,1
51371,send,11:66:F0:00:01:3D,1002,,466,1
51385,send,11:66:F0:00:01:3D,1003,,467,1
51391,ack,11:66:F0:00:01:3D,,0,466,1
51403,send,11:66:F0:00:01:3D,1004,,467,1
51417,send,11:66:F0:00:01:3D,1005,,468,1
51431,send,11:66:F0:00:01:3D,1006,,469,1
51444,send,11:66:F0:00:01:3D,1007,,470,1
51450,ack,11:66:F0:00:01:3D,,0,469,1
51462,send,11:66:F0:00:01:3D,1008,,470,1
51476,send,11:66:F0:00:01:3D,1009,,471,1
51490,send,11:66:F0:00:01:3D,1010,,472,1
51503,send,11:66:F0:00:01:3D,1011,,473,1
51511,ack,11:66:F0:00:01:3D,,0,472,1
51522,send,11:66:F0:00:01:3D,1012,,473,1
51536,send,11:66:F0:00:01:3D,1013,,474,1
51551,send,11:66:F0:00:01:3D,1014,,475,1
51564,send,11:66:F0:00:01:3D,1015,,476,1
51571,ack,11:66:F0:00:01:3D,,0,475,1
51582,send,11:66:F0:00:01:3D,1016,,476,1
51596,send,11:66:F0:00:01:3D,1017,,477,1
51609,send,11:66:F0:00:01:3D,1018,,478,1
51623,send,11:66:F0:00:01:3D,1019,,479,1
51628,ack,11:66:F0:00:01:3D,,0,478,1
51639,send,11:66:F0:00:01:3D,1020,,479,1
51651,send,11:66:F0:00:01:3D,1021,,480,1
51667,send,11:66:F0:00:01:3D,1022,,481,1
51681,send,11:66:F0:00:01:3D,1023,,482,1
51690,ack,11:66:F0:00:01:3D,,0,481,1
51703,send,11:66:F0:00:01:3D,1024,,482,1
51719,send,11:66:F0:00:01:3D,1025,,483,1
51731,send,11:66:F0:00:01:3D,1026,,484,1
51745,send,11:66:F0:00:01:3D,1027,,485,1
51748,ack,11:66:F0:00:01:3D,,0,484,1
51759,send,11:66:F0:00:01:3D,1028,,485,1
51773,send,11:66:F0:00:01:3D,1029,,486,1
51786,send,11:66:F0:00:01:3D,1030,,487,1
51799,send,11:66:F0:00:01:3D,1031,,488,1
51806,ack,11:66:F0:00:01:3D,,0,487,1
51817,send,11:66:F0:00:01:3D,1032,,488,1
51830,send,11:66:F0:00:01:3D,1033,,489,1
51850,send,11:66:F0:00:01:3D,1034,,490,1
51864,send,11:66:F0:00:01:3D,1035,,491,1
51867,ack,11:66:F0:00:01:3D,,0,490,1
51877,send,11:66:F0:00:01:3D,1036,,491,1
51890,send,11:66:F0:00:01:3D,1037,,492,1
51902,send,11:66:F0:00:01:3D,1038,,493,1
51915,send,11:66:F0:00:01:3D,1039,,494,1
51925,ack,11:66:F0:00:01:3D,,0,493,1
51928,send,11:66:F0:00:01:3D,1040,,494,1
51940,send,11:66:F0:00:01:3D,1041,,495,1
51953,send,11:66:F0:00:01:3D,1042,,496,1
51966,send,11:66:F0:00:01:3D,1043,,497,1
51980,send,11:66:F0:00:01:3D,1044,,498,1
51981,ack,11:66:F0:00:01:3D,,0,497,1
51994,send,11:66:F0:00:01:3D,1045,,498,1
52007,send,11:66:F0:00:01:3D,1046,,499,1
52021,send,11:66:F0:00:01:3D,1047,,500,1
52034,send,11:66:F0:00:01:3D,1048,,501,1
52040,ack,11:66:F0:00:01:3D,,0,500,1
52052,send,11:66:F0:00:01:3D,1049,,501,1
52066,send,11:66:F0:00:01:3D,1050,,502,1
52080,send,11:66:F0:00:01:3D,1051,,503,1
52093,send,11:66:F0:00:01:3D,1052,,504,1
52104,ack,11:66:F0:00:01:3D,,0,503,1
52116,send,11:66:F0:00:01:3D,1053,,504,1
52131,send,11:66:F0:00:01:3D,1054,,505,1
52145,send,11:66:F0:00:01:3D,1055,,506,1
52159,send,11:66:F0:00:01:3D,1056,,507,1
52165,ack,11:66:F0:00:01:3D,,0,506,1
52179,send,11:66:F0:00:01:3D,1057,,507,1
52192,send,11:66:F0:00:01:3D,1058,,508,1
52205,send,11:66:F0:00:01:3D,1059,,509,1
52220,send,11:66:F0:00:01:3D,1060,,510,1
52227,ack,11:66:F0:00:01:3D,,0,509,1
52238,send,11:66:F0:00:01:3D,1061,,510,1
52254,send,11:66:F0:00:01:3D,1062,,511,1
52267,send,11:66:F0:00:01:3D,1063,,512,1
52280,send,11:66:F0:00:01:3D,1064,,513,1
52287,ack,11:66:F0:00:01:3D,,0,512,1
52300,send,11:66:F0:00:01:3D,1065,,513,1
52316,send,11:66:F0:00:01:3D,1066,,514,1
52332,send,11:66:F0:00:01:3D,1067,,515,1
52345,send,11:66:F0:00:01:3D,1068,,516,1
52350,ack,11:66:F0:00:01:3D,,0,515,1
52361,send,11:66:F0:00:01:3D,1069,,516,1
52373,send,11:66:F0:00:01:3D,1070,,517,1
52387,send,11:66:F0:00:01:3D,1071,,518,1
52400,send,11:66:F0:00:01:3D,1072,,519,1
52406,ack,11:66:F0:00:01:3D,,0,518,1
52419,send,11:66:F0:00:01:3D,1073,,519,1
52433,send,11:66:F0:00:01:3D,1074,,520,1
52446,send,11:66:F0:00:01:3D,1075,,521,1
52460,send,11:66:F0:00:01:3D,1076,,522,1
52467,ack,11:66:F0:00:01:3D,,0,521,1
52479,send,11:66:F0:00:01:3D,1077,,522,1
52491,send,11:66:F0:00:01:3D,1078,,523,1
52505,send,11:66:F0:00:01:3D,1079,,524,1
52518,send,11:66:F0:00:01:3D,1080,,525,1
52524,ack,11:66:F0:00:01:3D,,0,524,1
52536,send,11:66:F0:00:01:3D,1081,,525,1
52550,send,11:66:F0:00:01:3D,1082,,526,1
52564,send,11:66:F0:00:01:3D,1083,,527,1
52578,send,11:66:F0:00:01:3D,1084,,528,1
52585,ack,11:66:F0:00:01:3D,,0,527,1
52595,send,11:66:F0:00:01:3D,1085,,528,1
52608,send,11:66:F0:00:01:3D,1086,,529,1
52621,send,11:66:F0:00:01:3D,1087,,530,1
52634,send,11:66:F0:00:01:3D,1088,,531,1
52644,ack,11:66:F0:00:01:3D,,0,530,1
52647,send,11:66:F0:00:01:3D,1089,,531,1
52659,send,11:66:F0:00:01:3D,1090,,532,1
52672,send,11:66:F0:00:01:3D,1091,,533,1
52685,send,11:66:F0:00:01:3D,1092,,534,1
52698,send,11:66:F0:00:01:3D,1093,,535,1
52703,ack,11:66:F0:00:01:3D,,0,534,1
52715,send,11:66:F0:00:01:3D,1094,,535,1
52728,send,11:66:F0:00:01:3D,1095,,536,1
52741,send,11:66:F0:00:01:3D,1096,,537,1
52754,send,11:66:F0:00:01:3D,1097,,538,1
52761,ack,11:66:F0:00:01:3D,,0,537,1
52771,send,11:66:F0:00:01:3D,1098,,538,1
52785,send,11:66:F0:00:01:3D,1099,,539,1
52798,send,11:66:F0:00:01:3D,1100,,540,1
52811,send,11:66:F0:00:01:3D,1101,,541,1
52817,ack,11:66:F0:00:01:3D,,0,540,1
52829,send,11:66:F0:00:01:3D,1102,,541,1
52843,send,11:66:F0:00:01:3D,1103,,542,1
52857,send,11:66:F0:00:01:3D,1104,,543,1
52873,send,11:66:F0:00:01:3D,1105,,544,1
52878,ack,11:66:F0:00:01:3D,,0,543,1
52889,send,11:66:F0:00:01:3D,1106,,544,1
52902,send,11:66:F0:00:01:3D,1107,,545,1
52917,send,11:66:F0:00:01:3D,1108,,546,1
52932,send,11:66:F0:00:01:3D,1109,,547,1
52938,ack,11:66:F0:00:01:3D,,0,546,1
52950,send,11:66:F0:00:01:3D,1110,,547,1
52965,send,11:66:F0:00:01:3D,1111,,548,1
52979,send,11:66:F0:00:01:3D,1112,,549,1
52993,send,11:66:F0:00:01:3D,1113,,550,1
52997,ack,11:66:F0:00:01:3D,,0,549,1
53009,send,11:66:F0:00:01:3D,1114,,550,1
53022,send,11:66:F0:00:01:3D,1115,,551,1
53037,send,11:66:F0:00:01:3D,1116,,552,1
53050,send,11:66:F0:00:01:3D,1117,,553,1
53056,ack,11:66:F0:00:01:3D,,0,552,1
53069,send,11:66:F0:00:01:3D,1118,,553,1
53083,send,11:66:F0:00:01:3D,1119,,554,1
53096,send,11:66:F0:00:01:3D,1120,,555,1
53110,send,11:66:F0:00:01:3D,1121,,556,1
53113,ack,11:66:F0:00:01:3D,,0,555,1
53127,send,11:66:F0:00:01:3D,1122,,556,1
53140,send,11:66:F0:00:01:3D,1123,,557,1
53153,send,11:66:F0:00:01:3D,1124,,558,1
53166,send,11:66:F0:00:01:3D,1125,,559,1
53173,ack,11:66:F0:00:01:3D,,0,558,1
53186,send,11:66:F0:00:01:3D,1126,,559,1
53199,send,11:66:F0:00:01:3D,1127,,560,1
53213,send,11:66:F0:00:01:3D,1128,,561,1
53227,send,11:66:F0:00:01:3D,1129,,562,1
53233,ack,11:66:F0:00:01:3D,,0,561,1
53246,send,11:66:F0:00:01:3D,1130,,562,1
53260,send,11:66:F0:00:01:3D,1131,,563,1
53276,send,11:66:F0:00:01:3D,1132,,564,1
53289,send,11:66:F0:00:01:3D,1133,,565,1
53296,ack,11:66:F0:00:01:3D,,0,564,1
53310,send,11:66:F0:00:01:3D,1134,,565,1
53323,send,11:66:F0:00:01:3D,1135,,566,1
53335,send,11:66:F0:00:01:3D,1136,,567,1
53348,send,11:66:F0:00:01:3D,1137,,568,1
53355,ack,11:66:F0:00:01:3D,,0,567,1
53366,send,11:66:F0:00:01:3D,1138,,568,1
53379,send,11:66:F0:00:01:3D,1139,,569,1
53391,send,11:66:F0:00:01:3D,1140,,570,1
53404,send,11:66:F0:00:01:3D,1141,,571,1
53412,ack,11:66:F0:00:01:3D,,0,570,1
53421,send,11:66:F0:00:01:3D,1142,,571,1
53438,send,11:66:F0:00:01:3D,1143,,572,1
53452,send,11:66:F0:00:01:3D,1144,,573,1
53465,send,11:66:F0:00:01:3D,1145,,574,1
53471,ack,11:66:F0:00:01:3D,,0,573,1
53484,send,11:66:F0:00:01:3D,1146,,574,1
53499,send,11:66:F0:00:01:3D,1147,,575,1
53513,send,11:66:F0:00:01:3D,1148,,576,1
53527,send,11:66:F0:00:01:3D,1149,,577,1
53532,ack,11:66:F0:00:01:3D,,0,576,1
53543,send,11:66:F0:00:01:3D,1150,,577,1
53557,send,11:66:F0:00:01:3D,1151,,578,1
53571,send,11:66:F0:00:01:3D,1152,,579,1
53584,send,11:66:F0:00:01:3D,1153,,580,1
53590,ack,11:66:F0:00:01:3D,,0,579,1
53602,send,11:66:F0:00:01:3D,1154,,580,1
53615,send,11:66:F0:00:01:3D,1155,,581,1
53629,send,11:66:F0:00:01:3D,1156,,582,1
53642,send,11:66:F0:00:01:3D,1157,,583,1
53647,ack,11:66:F0:00:01:3D,,0,582,1
53661,send,11:66:F0:00:01:3D,1158,,583,1
53674,send,11:66:F0:00:01:3D,1159,,584,1
53687,send,11:66:F0:00:01:3D,1160,,585,1
53700,send,11:66:F0:00:01:3D,1161,,586,1
53708,ack,11:66:F0:00:01:3D,,0,585,1
53719,send,11:66:F0:00:01:3D,1162,,586,1
53734,send,11:66:F0:00:01:3D,1163,,587,1
53748,send,11:66:F0:00:01:3D,1164,,588,1
53762,send,11:66:F0:00:01:3D,1165,,589,1
53770,ack,11:66:F0:00:01:3D,,0,588,1
53782,send,11:66:F0:00:01:3D,1166,,589,1
53798,send,11:66:F0:00:01:3D,1167,,590,1
53811,send,11:66:F0:00:01:3D,1168,,591,1
53825,send,11:66:F0:00:01:3D,1169,,592,1
53830,ack,11:66:F0:00:01:3D,,0,591,1
53841,send,11:66:F0:00:01:3D,1170,,592,1
53854,send,11:66:F0:00:01:3D,1171,,593,1
53868,send,11:66:F0:00:01:3D,1172,,594,1
53884,send,11:66:F0:00:01:3D,1173,,595,1
53891,ack,11:66:F0:00:01:3D,,0,594,1
53901,send,11:66:F0:00:01:3D,1174,,595,1
53915,send,11:66:F0:00:01:3D,1175,,596,1
53929,send,11:66:F0:00:01:3D,1176,,597,1
53941,send,11:66:F0:00:01:3D,1177,,598,1
53948,ack,11:66:F0:00:01:3D,,0,597,1
53961,send,11:66:F0:00:01:3D,1178,,598,1
53976,send,11:66:F0:00:01:3D,1179,,599,1
53990,send,11:66:F0:00:01:3D,1180,,600,1
54004,send,11:66:F0:00:01:3D,1181,,601,1
54008,ack,11:66:F0:00:01:3D,,0,600,1
54020,send,11:66:F0:00:01:3D,1182,,601,1
54033,send,11:66:F0:00:01:3D,1183,,602,1
54046,send,11:66:F0:00:01:3D,1184,,603,1
54061,send,11:66:F0:00:01:3D,1185,,604,1
54065,ack,11:66:F0:00:01:3D,,0,603,1
54076,send,11:66:F0:00:01:3D,1186,,604,1
54090,send,11:66:F0:00:01:3D,1187,,605,1
54103,send,11:66:F0:00:01:3D,1188,,606,1
54116,send,11:66:F0:00:01:3D,1189,,607,1
54121,ack,11:66:F0:00:01:3D,,0,606,1
54134,send,11:66:F0:00:01:3D,1190,,607,1
54147,send,11:66:F0:00:01:3D,1191,,608,1
54162,send,11:66:F0:00:01:3D,1192,,609,1
54176,send,11:66:F0:00:01:3D,1193,,610,1
54181,ack,11:66:F0:00:01:3D,,0,609,1
54195,send,11:66:F0:00:01:3D,1194,,610,1
54208,send,11:66:F0:00:01:3D,1195,,611,1
54223,send,11:66:F0:00:01:3D,1196,,612,1
54237,send,11:66:F0:00:01:3D,1197,,613,1
54238,ack,11:66:F0:00:01:3D,,0,612,1
54254,send,11:66:F0:00:01:3D,1198,,613,1
54270,send,11:66:F0:00:01:3D,1199,,614,1
54284,send,11:66:F0:00:01:3D,1200,,615,1
54298,ack,11:66:F0:00:01:3D,,0,614,1
54298,send,11:66:F0:00:01:3D,1201,,615,1
54312,send,11:66:F0:00:01:3D,1202,,616,1
54326,send,11:66:F0:00:01:3D,1203,,617,1
54338,send,11:66:F0:00:01:3D,1204,,618,1
54351,send,11:66:F0:00:01:3D,1205,,619,1
54357,ack,11:66:F0:00:01:3D,,0,618,1
54369,send,11:66:F0:00:01:3D,1206,,619,1
54382,send,11:66:F0:00:01:3D,1207,,620,1
54395,send,11:66:F0:00:01:3D,1208,,621,1
54409,send,11:66:F0:00:01:3D,1209,,622,1
54415,ack,11:66:F0:00:01:3D,,0,621,1
54430,send,11:66:F0:00:01:3D,1210,,622,1
54443,send,11:66:F0:00:01:3D,1211,,623,1
54456,send,11:66:F0:00:01:3D,1212,,624,1
54470,send,11:66:F0:00:01:3D,1213,,625,1
54476,ack,11:66:F0:00:01:3D,,0,624,1
54487,send,11:66:F0:00:01:3D,1214,,625,1
54501,send,11:66:F0:00:01:3D,1215,,626,1
54514,send,11:66:F0:00:01:3D,1216,,627,1
54527,send,11:66:F0:00:01:3D,1217,,628,1
54531,ack,11:66:F0:00:01:3D,,0,627,1
54545,send,11:66:F0:00:01:3D,1218,,628,1
54558,send,11:66:F0:00:01:3D,1219,,629,1
54571,send,11:66:F0:00:01:3D,1220,,630,1
54585,send,11:66:F0:00:01:3D,1221,,631,1
54591,ack,11:66:F0:00:01:3D,,0,630,1
54603,send,11:66:F0:00:01:3D,1222,,631,1
54617,send,11:66:F0:00:01:3D,1223,,632,1
54631,send,11:66:F0:00:01:3D,1224,,633,1
54645,send,11:66:F0:00:01:3D,1225,,634,1
54655,ack,11:66:F0:00:01:3D,,0,633,1
54668,send,11:66:F0:00:01:3D,1226,,634,1
54681,send,11:66:F0:00:01:3D,1227,,635,1
54695,send,11:66:F0:00:01:3D,1228,,636,1
54708,send,11:66:F0:00:01:3D,1229,,637,1
54716,ack,11:66:F0:00:01:3D,,0,636,1
54729,send,11:66:F0:00:01:3D,1230,,637,1
54742,send,11:66:F0:00:01:3D,1231,,638,1
54754,send,11:66:F0:00:01:3D,1232,,639,1
54767,send,11:66:F0:00:01:3D,1233,,640,1
54774,ack,11:66:F0:00:01:3D,,0,639,1
54786,send,11:66:F0:00:01:3D,1234,,640,1
54800,send,11:66:F0:00:01:3D,1235,,641,1
54814,send,11:66:F0:00:01:3D,1236,,642,1
54828,send,11:66:F0:00:01:3D,1237,,643,1
54834,ack,11:66:F0:00:01:3D,,0,642,1
54846,send,11:66:F0:00:01:3D,1238,,643,1
54859,send,11:66:F0:00:01:3D,1239,,644,1
54871,send,11:66:F0:00:01:3D,1240,,645,1
54885,send,11:66:F0:00:01:3D,1241,,646,1
54897,ack,11:66:F0:00:01:3D,,0,645,1
54908,send,11:66:F0:00:01:3D,1242,,646,1
54920,send,11:66:F0:00:01:3D,1243,,647,1
54934,send,11:66:F0:00:01:3D,1244,,648,1
54949,send,11:66:F0:00:01:3D,1245,,649,1
54956,ack,11:66:F0:00:01:3D,,0,648,1
54968,send,11:66:F0:00:01:3D,1246,,649,1
54982,send,11:66:F0:00:01:3D,1247,,650,1
54998,send,11:66:F0:00:01:3D,1248,,651,1
55011,send,11:66:F0:00:01:3D,1249,,652,1
55021,ack,11:66:F0:00:01:3D,,0,651,1
55032,send,11:66:F0:00:01:3D,1250,,652,1
55047,send,11:66:F0:00:01:3D,1251,,653,1
55059,send,11:66:F0:00:01:3D,1252,,654,1
55072,send,11:66:F0:00:01:3D,1253,,655,1
55081,ack,11:66:F0:00:01:3D,,0,654,1
55094,send,11:66:F0:00:01:3D,1254,,655,1
55108,send,11:66:F0:00:01:3D,1255,,656,1
55122,send,11:66:F0:00:01:3D,1256,,657,1
55135,send,11:66:F0:00:01:3D,1257,,658,1
55142,ack,11:66:F0:00:01:3D,,0,657,1
55155,send,11:66:F0:00:01:3D,1258,,658,1
55168,send,11:66:F0:00:01:3D,1259,,659,1
55183,send,11:66:F0:00:01:3D,1260,,660,1
55197,send,11:66:F0:00:01:3D,1261,,661,1
55204,ack,11:66:F0:00:01:3D,,0,660,1
55216,send,11:66:F0:00:01:3D,1262,,661,1
55231,send,11:66:F0:00:01:3D,1263,,662,1
55244,send,11:66:F0:00:01:3D,1264,,663,1
55257,send,11:66:F0:00:01:3D,1265,,664,1
55264,ack,11:66:F0:00:01:3D,,0,663,1
55277,send,11:66:F0:00:01:3D,1266,,664,1
55293,send,11:66:F0:00:01:3D,1267,,665,1
55305,send,11:66:F0:00:01:3D,1268,,666,1
55319,send,11:66:F0:00:01:3D,1269,,667,1
55324,ack,11:66:F0:00:01:3D,,0,666,1
55338,send,11:66:F0:00:01:3D,1270,,667,1
55352,send,11:66:F0:00:01:3D,1271,,668,1
55366,send,11:66:F0:00:01:3D,1272,,669,1
55380,send,11:66:F0:00:01:3D,1273,,670,1
55385,ack,11:66:F0:00:01:3D,,0,669,1
55396,send,11:66:F0:00:01:3D,1274,,670,1
55410,send,11:66:F0:00:01:3D,1275,,671,1
55423,send,11:66:F0:00:01:3D,1276,,672,1
55438,send,11:66:F0:00:01:3D,1277,,673,1
55444,ack,11:66:F0:00:01:3D,,0,672,1
55456,send,11:66:F0:00:01:3D,1278,,673,1
55470,send,11:66:F0:00:01:3D,1279,,674,1
55483,send,11:66:F0:00:01:3D,1280,,675,1
55498,send,11:66:F0:00:01:3D,1281,,676,1
55505,ack,11:66:F0:00:01:3D,,0,675,1
55517,send,11:66:F0:00:01:3D,1282,,676,1
55531,send,11:66:F0:00:01:3D,1283,,677,1
55546,send,11:66:F0:00:01:3D,1284,,678,1
55559,send,11:66:F0:00:01:3D,1285,,679,1
55564,ack,11:66:F0:00:01:3D,,0,678,1
55576,send,11:66:F0:00:01:3D,1286,,679,1
55589,send,11:66:F0:00:01:3D,1287,,680,1
55625,ack,11:66:F0:00:01:3D,,0,679,1
56292,send,11:66:F0:00:01:3D,1288,,680,1
56303,ack,11:66:F0:00:01:3D,,0,679,1
56312,send,11:66:F0:00:01:3D,1289,,680,1
56324,send,11:66:F0:00:01:3D,1290,,681,1
56336,send,11:66:F0:00:01:3D,1291,,682,1
56347,send,11:66:F0:00:01:3D,1292,,683,1
56359,send,11:66:F0:00:01:3D,1293,,684,1
56366,ack,11:66:F0:00:01:3D,,0,683,1
56376,send,11:66:F0:00:01:3D,1294,,684,1
56388,send,11:66:F0:00:01:3D,1295,,685,1
56399,send,11:66:F0:00:01:3D,1296,,686,1
56410,send,11:66:F0:00:01:3D,1297,,687,1
56422,send,11:66:F0:00:01:3D,1298,,688,1
56427,ack,11:66:F0:00:01:3D,,0,687,1
56437,send,11:66:F0:00:01:3D,1299,,688,1
56450,send,11:66:F0:00:01:3D,1300,,689,1
56463,send,11:66:F0:00:01:3D,1301,,690,1
56475,send,11:66:F0:00:01:3D,1302,,691,1
56486,ack,11:66:F0:00:01:3D,,0,690,1
56486,send,11:66:F0:00:01:3D,1303,,691,1
56498,send,11:66:F0:00:01:3D,1304,,692,1
56509,send,11:66:F0:00:01:3D,1305,,693,1
56519,send,11:66:F0:00:01:3D,1306,,694,1
56532,send,11:66:F0:00:01:3D,1307,,695,1
56544,send,11:66:F0:00:01:3D,1308,,696,1
56546,ack,11:66:F0:00:01:3D,,0,695,1
56556,send,11:66:F0:00:01:3D,1309,,696,1
56567,send,11:66:F0:00:01:3D,1310,,697,1
56579,send,11:66:F0:00:01:3D,1311,,698,1
56591,send,11:66:F0:00:01:3D,1312,,699,1
56601,send,11:66:F0:00:01:3D,1313,,700,1
56606,ack,11:66:F0:00:01:3D,,0,699,1
56616,send,11:66:F0:00:01:3D,1314,,700,1
56628,send,11:66:F0:00:01:3D,1315,,701,1
56638,send,11:66:F0:00:01:3D,1316,,702,1
56650,send,11:66:F0:00:01:3D,1317,,703,1
56662,send,11:66:F0:00:01:3D,1318,,704,1
56665,ack,11:66:F0:00:01:3D,,0,703,1
56675,send,11:66:F0:00:01:3D,1319,,704,1
56687,send,11:66:F0:00:01:3D,1320,,705,1
56699,send,11:66:F0:00:01:3D,1321,,706,1
56709,send,11:66:F0:00:01:3D,1322,,707,1
56720,send,11:66:F0:00:01:3D,1323,,708,1
56723,ack,11:66:F0:00:01:3D,,0,707,1
56733,send,11:66:F0:00:01:3D,1324,,708,1
56744,send,11:66:F0:00:01:3D,1325,,709,1
56755,send,11:66:F0:00:01:3D,1326,,710,1
56768,send,11:66:F0:00:01:3D,1327,,711,1
56780,send,11:66:F0:00:01:3D,1328,,712,1
56783,ack,11:66:F0:00:01:3D,,0,711,1
56794,send,11:66:F0:00:01:3D,1329,,712,1
56805,send,11:66:F0:00:01:3D,1330,,713,1
56816,send,11:66:F0:00:01:3D,1331,,714,1
56829,send,11:66:F0:00:01:3D,1332,,715,1
56841,send,11:66:F0:00:01:3D,1333,,716,1
56844,ack,11:66:F0:00:01:3D,,0,715,1
56854,send,11:66:F0:00:01:3D,1334,,716,1
56864,send,11:66:F0:00:01:3D,1335,,717,1
56884,send,11:66:F0:00:01:3D,1336,,718,1
56895,send,11:66:F0:00:01:3D,1337,,719,1
56901,ack,11:66:F0:00:01:3D,,0,718,1
56910,send,11:66:F0:00:01:3D,1338,,719,1
56923,send,11:66:F0:00:01:3D,1339,,720,1
56936,send,11:66:F0:00:01:3D,1340,,721,1
56947,send,11:66:F0:00:01:3D,1341,,722,1
56959,send,11:66:F0:00:01:3D,1342,,723,1
56960,ack,11:66:F0:00:01:3D,,0,722,1
56970,send,11:66:F0:00:01:3D,1343,,723,1
56981,send,11:66:F0:00:01:3D,1344,,724,1
56992,send,11:66:F0:00:01:3D,1345,,725,1
57003,send,11:66:F0:00:01:3D,1346,,726,1
57014,send,11:66:F0:00:01:3D,1347,,727,1
57020,ack,11:66:F0:00:01:3D,,0,726,1
57031,send,11:66:F0:00:01:3D,1348,,727,1
57044,send,11:66:F0:00:01:3D,1349,,728,1
57056,send,11:66:F0:00:01:3D,1350,,729,1
57069,send,11:66:F0:00:01:3D,1351,,730,1
57078,ack,11:66:F0:00:01:3D,,0,729,1
57080,send,11:66:F0:00:01:3D,1352,,730,1
57091,send,11:66:F0:00:01:3D,1353,,731,1
57104,send,11:66:F0:00:01:3D,1354,,732,1
57116,send,11:66:F0:00:01:3D,1355,,733,1
57130,send,11:66:F0:00:01:3D,1356,,734,1
57136,ack,11:66:F0:00:01:3D,,0,733,1
57145,send,11:66:F0:00:01:3D,1357,,734,1
57157,send,11:66:F0:00:01:3D,1358,,735,1
57167,send,11:66:F0:00:01:3D,1359,,736,1
57179,send,11:66:F0:00:01:3D,1360,,737,1
57190,send,11:66:F0:00:01:3D,1361,,738,1
57194,ack,11:66:F0:00:01:3D,,0,737,1
57202,send,11:66:F0:00:01:3D,1362,,738,1
57212,send,11:66:F0:00:01:3D,1363,,739,1
57224,send,11:66:F0:00:01:3D,1364,,740,1
57237,send,11:66:F0:00:01:3D,1365,,741,1
57249,send,11:66:F0:00:01:3D,1366,,742,1
57252,ack,11:66:F0:00:01:3D,,0,741,1
57262,send,11:66:F0:00:01:3D,1367,,742,1
57273,send,11:66:F0:00:01:3D,1368,,743,1
57284,send,11:66:F0:00:01:3D,1369,,744,1
57296,send,11:66:F0:00:01:3D,1370,,745,1
57306,send,11:66:F0:00:01:3D,1371,,746,1
57312,ack,11:66:F0:00:01:3D,,0,745,1
57322,send,11:66:F0:00:01:3D,1372,,746,1
57333,send,11:66:F0:00:01:3D,1373,,747,1
57345,send,11:66:F0:00:01:3D,1374,,748,1
57356,send,11:66:F0:00:01:3D,1375,,749,1
57367,send,11:66:F0:00:01:3D,1376,,750,1
57374,ack,11:66:F0:00:01:3D,,0,749,1
57382,send,11:66:F0:00:01:3D,1377,,750,1
57395,send,11:66:F0:00:01:3D,1378,,751,1
57406,send,11:66:F0:00:01:3D,1379,,752,1
57417,send,11:66:F0:00:01:3D,1380,,753,1
57429,send,11:66:F0:00:01:3D,1381,,754,1
57437,ack,11:66:F0:00:01:3D,,0,753,1
57447,send,11:66:F0:00:01:3D,1382,,754,1
57459,send,11:66:F0:00:01:3D,1383,,755,1
57470,send,11:66:F0:00:01:3D,1384,,756,1
57481,send,11:66:F0:00:01:3D,1385,,757,1
57494,send,11:66:F0:00:01:3D,1386,,758,1
57497,ack,11:66:F0:00:01:3D,,0,757,1
57507,send,11:66:F0:00:01:3D,1387,,758,1
57518,send,11:66:F0:00:01:3D,1388,,759,1
57529,send,11:66:F0:00:01:3D,1389,,760,1
57541,send,11:66:F0:00:01:3D,1390,,761,1
57552,send,11:66:F0:00:01:3D,1391,,762,1
57555,ack,11:66:F0:00:01:3D,,0,761,1
57565,send,11:66:F0:00:01:3D,1392,,762,1
57576,send,11:66:F0:00:01:3D,1393,,763,1
57587,send,11:66:F0:00:01:3D,1394,,764,1
57599,send,11:66:F0:00:01:3D,1395,,765,1
57612,send,11:66:F0:00:01:3D,1396,,766,1
57616,ack,11:66:F0:00:01:3D,,0,765,1
57626,send,11:66:F0:00:01:3D,1397,,766,1
57637,send,11:66:F0:00:01:3D,1398,,767,1
57649,send,11:66:F0:00:01:3D,1399,,768,1
57660,send,11:66:F0:00:01:3D,1400,,769,1
57670,send,11:66:F0:00:01:3D,1401,,770,1
57673,ack,11:66:F0:00:01:3D,,0,769,1
57685,send,11:66:F0:00:01:3D,1402,,770,1
57696,send,11:66:F0:00:01:3D,1403,,771,1
57706,send,11:66:F0:00:01:3D,1404,,772,1
57719,send,11:66:F0:00:01:3D,1405,,773,1
57730,send,11:66:F0:00:01:3D,1406,,774,1
57733,ack,11:66:F0:00:01:3D,,0,773,1
57743,send,11:66:F0:00:01:3D,1407,,774,1
57754,send,11:66:F0:00:01:3D,1408,,775,1
57766,send,11:66:F0:00:01:3D,1409,,776,1
57777,send,11:66:F0:00:01:3D,1410,,777,1
57790,send,11:66:F0:00:01:3D,1411,,778,1
57796,ack,11:66:F0:00:01:3D,,0,777,1
57806,send,11:66:F0:00:01:3D,1412,,778,1
57817,send,11:66:F0:00:01:3D,1413,,779,1
57828,send,11:66:F0:00:01:3D,1414,,780,1
57839,send,11:66:F0:00:01:3D,1415,,781,1
57850,send,11:66:F0:00:01:3D,1416,,782,1
57856,ack,11:66:F0:00:01:3D,,0,781,1
57868,send,11:66:F0:00:01:3D,1417,,782,1
57883,send,11:66:F0:00:01:3D,1418,,783,1
57896,send,11:66:F0:00:01:3D,1419,,784,1
57908,send,11:66:F0:00:01:3D,1420,,785,1
57917,ack,11:66:F0:00:01:3D,,0,784,1
57928,send,11:66:F0:00:01:3D,1421,,785,1
57939,send,11:66:F0:00:01:3D,1422,,786,1
57952,send,11:66:F0:00:01:3D,1423,,787,1
57964,send,11:66:F0:00:01:3D,1424,,788,1
57976,send,11:66:F0:00:01:3D,1425,,789,1
57978,ack,11:66:F0:00:01:3D,,0,788,1
57988,send,11:66:F0:00:01:3D,1426,,789,1
58000,send,11:66:F0:00:01:3D,1427,,790,1
58014,send,11:66:F0:00:01:3D,1428,,791,1
58026,send,11:66:F0:00:01:3D,1429,,792,1
58038,send,11:66:F0:00:01:3D,1430,,793,1
58038,ack,11:66:F0:00:01:3D,,0,792,1
58050,send,11:66:F0:00:01:3D,1431,,793,1
58061,send,11:66:F0:00:01:3D,1432,,794,1
58076,send,11:66:F0:00:01:3D,1433,,795,1
58088,send,11:66:F0:00:01:3D,1434,,796,1
58094,ack,11:66:F0:00:01:3D,,0,795,1
58104,send,11:66:F0:00:01:3D,1435,,796,1
58116,send,11:66:F0:00:01:3D,1436,,797,1
58127,send,11:66:F0:00:01:3D,1437,,798,1
58139,send,11:66:F0:00:01:3D,1438,,799,1
58151,send,11:66:F0:00:01:3D,1439,,800,1
58154,ack,11:66:F0:00:01:3D,,0,799,1
58163,send,11:66:F0:00:01:3D,1440,,800,1
58175,send,11:66:F0:00:01:3D,1441,,801,1
58187,send,11:66:F0:00:01:3D,1442,,802,1
58198,send,11:66:F0:00:01:3D,1443,,803,1
58210,send,11:66:F0:00:01:3D,1444,,804,1
58211,ack,11:66:F0:00:01:3D,,0,803,1
58221,send,11:66:F0:00:01:3D,1445,,804,1
58233,send,11:66:F0:00:01:3D,1446,,805,1
58243,send,11:66:F0:00:01:3D,1447,,806,1
58254,send,11:66:F0:00:01:3D,1448,,807,1
58265,send,11:66:F0:00:01:3D,1449,,808,1
58272,ack,11:66:F0:00:01:3D,,0,807,1
58279,send,11:66:F0:00:01:3D,1450,,808,1
58290,send,11:66:F0:00:01:3D,1451,,809,1
58302,send,11:66:F0:00:01:3D,1452,,810,1
58314,send,11:66:F0:00:01:3D,1453,,811,1
58325,send,11:66:F0:00:01:3D,1454,,812,1
58330,ack,11:66:F0:00:01:3D,,0,811,1
58338,send,11:66:F0:00:01:3D,1455,,812,1
58350,send,11:66:F0:00:01:3D,1456,,813,1
58360,send,11:66:F0:00:01:3D,1457,,814,1
58372,send,11:66:F0:00:01:3D,1458,,815,1
58383,send,11:66:F0:00:01:3D,1459,,816,1
58390,ack,11:66:F0:00:01:3D,,0,815,1
58400,send,11:66:F0:00:01:3D,1460,,816,1
58412,send,11:66:F0:00:01:3D,1461,,817,1
58423,send,11:66:F0:00:01:3D,1462,,818,1
58436,send,11:66:F0:00:01:3D,1463,,819,1
58448,send,11:66:F0:00:01:3D,1464,,820,1
58452,ack,11:66:F0:00:01:3D,,0,819,1
58460,send,11:66:F0:00:01:3D,1465,,820,1
58471,send,11:66:F0:00:01:3D,1466,,821,1
58482,send,11:66:F0:00:01:3D,1467,,822,1
58495,send,11:66:F0:00:01:3D,1468,,823,1
58507,send,11:66:F0:00:01:3D,1469,,824,1
58511,ack,11:66:F0:00:01:3D,,0,823,1
58521,send,11:66:F0:00:01:3D,1470,,824,1
58533,send,11:66:F0:00:01:3D,1471,,825,1
58544,send,11:66:F0:00:01:3D,1472,,826,1
58555,send,11:66:F0:00:01:3D,1473,,827,1
58567,send,11:66:F0:00:01:3D,1474,,828,1
58570,ack,11:66:F0:00:01:3D,,0,827,1
58581,send,11:66:F0:00:01:3D,1475,,828,1
58594,send,11:66:F0:00:01:3D,1476,,829,1
58606,send,11:66:F0:00:01:3D,1477,,830,1
58617,send,11:66:F0:00:01:3D,1478,,831,1
58627,ack,11:66:F0:00:01:3D,,0,830,1
58629,send,11:66:F0:00:01:3D,1479,,831,1
58640,send,11:66:F0:00:01:3D,1480,,832,1
58651,send,11:66:F0:00:01:3D,1481,,833,1
58662,send,11:66:F0:00:01:3D,1482,,834,1
58674,send,11:66:F0:00:01:3D,1483,,835,1
58685,send,11:66:F0:00:01:3D,1484,,836,1
58685,ack,11:66:F0:00:01:3D,,0,835,1
58697,send,11:66:F0:00:01:3D,1485,,836,1
58709,send,11:66:F0:00:01:3D,1486,,837,1
58719,send,11:66:F0:00:01:3D,1487,,838,1
58730,send,11:66:F0:00:01:3D,1488,,839,1
58742,send,11:66:F0:00:01:3D,1489,,840,1
58743,ack,11:66:F0:00:01:3D,,0,839,1
58752,send,11:66:F0:00:01:3D,1490,,840,1
58764,send,11:66:F0:00:01:3D,1491,,841,1
58776,send,11:66:F0:00:01:3D,1492,,842,1
58787,send,11:66:F0:00:01:3D,1493,,843,1
58798,send,11:66:F0:00:01:3D,1494,,844,1
58801,ack,11:66:F0:00:01:3D,,0,843,1
58810,send,11:66:F0:00:01:3D,1495,,844,1
58822,send,11:66:F0:00:01:3D,1496,,845,1
58833,send,11:66:F0:00:01:3D,1497,,846,1
58844,send,11:66:F0:00:01:3D,1498,,847,1
58855,send,11:66:F0:00:01:3D,1499,,848,1
58859,ack,11:66:F0:00:01:3D,,0,847,1
58869,send,11:66:F0:00:01:3D,1500,,848,1
58882,send,11:66:F0:00:01:3D,1501,,849,1
58893,send,11:66:F0:00:01:3D,1502,,850,1
58904,send,11:66:F0:00:01:3D,1503,,851,1
58914,send,11:66:F0:00:01:3D,1504,,852,1
58915,ack,11:66:F0:00:01:3D,,0,851,1
58924,send,11:66:F0:00:01:3D,1505,,852,1
58935,send,11:66:F0:00:01:3D,1506,,853,1
58947,send,11:66:F0:00:01:3D,1507,,854,1
58959,send,11:66:F0:00:01:3D,1508,,855,1
58969,send,11:66:F0:00:01:3D,1509,,856,1
58973,ack,11:66:F0:00:01:3D,,0,855,1
58984,send,11:66:F0:00:01:3D,1510,,856,1
58996,send,11:66:F0:00:01:3D,1511,,857,1
59007,send,11:66:F0:00:01:3D,1512,,858,1
59020,send,11:66:F0:00:01:3D,1513,,859,1
59030,ack,11:66:F0:00:01:3D,,0,858,1
59031,send,11:66:F0:00:01:3D,1514,,859,1
59043,send,11:66:F0:00:01:3D,1515,,860,1
59054,send,11:66:F0:00:01:3D,1516,,861,1
59065,send,11:66:F0:00:01:3D,1517,,862,1
59076,send,11:66:F0:00:01:3D,1518,,863,1
59088,send,11:66:F0:00:01:3D,1519,,864,1
59090,ack,11:66:F0:00:01:3D,,0,863,1
59101,send,11:66:F0:00:01:3D,1520,,864,1
59111,send,11:66:F0:00:01:3D,1521,,865,1
59121,send,11:66:F0:00:01:3D,1522,,866,1
59132,send,11:66:F0:00:01:3D,1523,,867,1
59143,send,11:66:F0:00:01:3D,1524,,868,1
59148,ack,11:66:F0:00:01:3D,,0,867,1
59160,send,11:66:F0:00:01:3D,1525,,868,1
59171,send,11:66:F0:00:01:3D,1526,,869,1
59183,send,11:66:F0:00:01:3D,1527,,870,1
59196,send,11:66:F0:00:01:3D,1528,,871,1
59206,ack,11:66:F0:00:01:3D,,0,870,1
59207,send,11:66:F0:00:01:3D,1529,,871,1
59219,send,11:66:F0:00:01:3D,1530,,872,1
59232,send,11:66:F0:00:01:3D,1531,,873,1
59244,send,11:66:F0:00:01:3D,1532,,874,1
59256,send,11:66:F0:00:01:3D,1533,,875,1
59263,ack,11:66:F0:00:01:3D,,0,874,1
59275,send,11:66:F0:00:01:3D,1534,,875,1
59287,send,11:66:F0:00:01:3D,1535,,876,1
59300,send,11:66:F0:00:01:3D,1536,,877,1
59314,send,11:66:F0:00:01:3D,1537,,878,1
59323,ack,11:66:F0:00:01:3D,,0,877,1
59333,send,11:66:F0:00:01:3D,1538,,878,1
59346,send,11:66:F0:00:01:3D,1539,,879,1
59359,send,11:66:F0:00:01:3D,1540,,880,1
59372,send,11:66:F0:00:01:3D,1541,,881,1
59379,ack,11:66:F0:00:01:3D,,0,880,1
59389,send,11:66:F0:00:01:3D,1542,,881,1
59402,send,11:66:F0:00:01:3D,1543,,882,1
59414,send,11:66:F0:00:01:3D,1544,,883,1
59425,send,11:66:F0:00:01:3D,1545,,884,1
59437,send,11:66:F0:00:01:3D,1546,,885,1
59441,ack,11:66:F0:00:01:3D,,0,884,1
59451,send,11:66:F0:00:01:3D,1547,,885,1
59461,send,11:66:F0:00:01:3D,1548,,886,1
59473,send,11:66:F0:00:01:3D,1549,,887,1
59485,send,11:66:F0:00:01:3D,1550,,888,1
59497,send,11:66:F0:00:01:3D,1551,,889,1
59499,ack,11:66:F0:00:01:3D,,0,888,1
59509,send,11:66:F0:00:01:3D,1552,,889,1
59521,send,11:66:F0:00:01:3D,1553,,890,1
59531,send,11:66:F0:00:01:3D,1554,,891,1
59543,send,11:66:F0:00:01:3D,1555,,892,1
59554,send,11:66:F0:00:01:3D,1556,,893,1
59558,ack,11:66:F0:00:01:3D,,0,892,1
59567,send,11:66:F0:00:01:3D,1557,,893,1
59577,send,11:66:F0:00:01:3D,1558,,894,1
59590,send,11:66:F0:00:01:3D,1559,,895,1
59602,send,11:66:F0:00:01:3D,1560,,896,1
59612,send,11:66:F0:00:01:3D,1561,,897,1
59614,ack,11:66:F0:00:01:3D,,0,896,1
59624,send,11:66:F0:00:01:3D,1562,,897,1
59636,send,11:66:F0:00:01:3D,1563,,898,1
59648,send,11:66:F0:00:01:3D,1564,,899,1
59660,send,11:66:F0:00:01:3D,1565,,900,1
59672,send,11:66:F0:00:01:3D,1566,,901,1
59674,ack,11:66:F0:00:01:3D,,0,900,1
59683,send,11:66:F0:00:01:3D,1567,,901,1
59696,send,11:66:F0:00:01:3D,1568,,902,1
59710,send,11:66:F0:00:01:3D,1569,,903,1
59722,send,11:66:F0:00:01:3D,1570,,904,1
59732,ack,11:66:F0:00:01:3D,,0,903,1
59734,send,11:66:F0:00:01:3D,1571,,904,1
59746,send,11:66:F0:00:01:3D,1572,,905,1
59758,send,11:66:F0:00:01:3D,1573,,906,1
59769,send,11:66:F0:00:01:3D,1574,,907,1
59781,send,11:66:F0:00:01:3D,1575,,908,1
59792,send,11:66:F0:00:01:3D,1576,,909,1
59793,ack,11:66:F0:00:01:3D,,0,908,1
59804,send,11:66:F0:00:01:3D,1577,,909,1
59815,send,11:66:F0:00:01:3D,1578,,910,1
59828,send,11:66:F0:00:01:3D,1579,,911,1
59840,send,11:66:F0:00:01:3D,1580,,912,1
59852,send,11:66:F0:00:01:3D,1581,,913,1
59853,ack,11:66:F0:00:01:3D,,0,912,1
59862,send,11:66:F0:00:01:3D,1582,,913,1
59874,send,11:66:F0:00:01:3D,1583,,914,1
59886,send,11:66:F0:00:01:3D,1584,,915,1
59897,send,11:66:F0:00:01:3D,1585,,916,1
59910,send,11:66:F0:00:01:3D,1586,,917,1
59913,ack,11:66:F0:00:01:3D,,0,916,1
59921,send,11:66:F0:00:01:3D,1587,,917,1
59932,send,11:66:F0:00:01:3D,1588,,918,1
59942,send,11:66:F0:00:01:3D,1589,,919,1
59953,send,11:66:F0:00:01:3D,1590,,920,1
59964,send,11:66:F0:00:01:3D,1591,,921,1
59972,ack,11:66:F0:00:01:3D,,0,920,1
59982,send,11:66:F0:00:01:3D,1592,,921,1
59994,send,11:66:F0:00:01:3D,1593,,922,1
60004,send,11:66:F0:00:01:3D,1594,,923,1
60015,send,11:66:F0:00:01:3D,1595,,924,1
60027,send,11:66:F0:00:01:3D,1596,,925,1
60031,ack,11:66:F0:00:01:3D,,0,924,1
60040,send,11:66:F0:00:01:3D,1597,,925,1
60051,send,11:66:F0:00:01:3D,1598,,926,1
60062,send,11:66:F0:00:01:3D,1599,,927,1
60075,send,11:66:F0:00:01:3D,1600,,928,1
60086,send,11:66:F0:00:01:3D,1601,,929,1
60090,ack,11:66:F0:00:01:3D,,0,928,1
60099,send,11:66:F0:00:01:3D,1602,,929,1
60110,send,11:66:F0:00:01:3D,1603,,930,1
60121,send,11:66:F0:00:01:3D,1604,,931,1
60133,send,11:66:F0:00:01:3D,1605,,932,1
60145,send,11:66:F0:00:01:3D,1606,,933,1
60153,ack,11:66:F0:00:01:3D,,0,932,1
60162,send,11:66:F0:00:01:3D,1607,,933,1
60174,send,11:66:F0:00:01:3D,1608,,934,1
60185,send,11:66:F0:00:01:3D,1609,,935,1
60196,send,11:66:F0:00:01:3D,1610,,936,1
60207,send,11:66:F0:00:01:3D,1611,,937,1
60211,ack,11:66:F0:00:01:3D,,0,936,1
60220,send,11:66:F0:00:01:3D,1612,,937,1
60231,send,11:66:F0:00:01:3D,1613,,938,1
60241,send,11:66:F0:00:01:3D,1614,,939,1
60254,send,11:66:F0:00:01:3D,1615,,940,1
60266,send,11:66:F0:00:01:3D,1616,,941,1
60272,ack,11:66:F0:00:01:3D,,0,940,1
60283,send,11:66:F0:00:01:3D,1617,,941,1
60296,send,11:66:F0:00:01:3D,1618,,942,1
60306,send,11:66:F0:00:01:3D,1619,,943,1
60318,send,11:66:F0:00:01:3D,1620,,944,1
60330,send,11:66:F0:00:01:3D,1621,,945,1
60333,ack,11:66:F0:00:01:3D,,0,944,1
60343,send,11:66:F0:00:01:3D,1622,,945,1
60355,send,11:66:F0:00:01:3D,1623,,946,1
60365,send,11:66:F0:00:01:3D,1624,,947,1
60375,send,11:66:F0:00:01:3D,1625,,948,1
60386,send,11:66:F0:00:01:3D,1626,,949,1
60391,ack,11:66:F0:00:01:3D,,0,948,1
60401,send,11:66:F0:00:01:3D,1627,,949,1
60413,send,11:66:F0:00:01:3D,1628,,950,1
60424,send,11:66:F0:00:01:3D,1629,,951,1
60436,send,11:66:F0:00:01:3D,1630,,952,1
60447,send,11:66:F0:00:01:3D,1631,,953,1
60454,ack,11:66:F0:00:01:3D,,0,952,1
60464,send,11:66:F0:00:01:3D,1632,,953,1
60476,send,11:66:F0:00:01:3D,1633,,954,1
60488,send,11:66:F0:00:01:3D,1634,,955,1
60500,send,11:66:F0:00:01:3D,1635,,956,1
60512,send,11:66:F0:00:01:3D,1636,,957,1
60516,ack,11:66:F0:00:01:3D,,0,956,1
60526,send,11:66:F0:00:01:3D,1637,,957,1
60537,send,11:66:F0:00:01:3D,1638,,958,1
60548,send,11:66:F0:00:01:3D,1639,,959,1
60560,send,11:66:F0:00:01:3D,1640,,960,1
60572,send,11:66:F0:00:01:3D,1641,,961,1
60576,ack,11:66:F0:00:01:3D,,0,960,1
60586,send,11:66:F0:00:01:3D,1642,,961,1
60599,send,11:66:F0:00:01:3D,1643,,962,1
60612,send,11:66:F0:00:01:3D,1644,,963,1
60623,send,11:66:F0:00:01:3D,1645,,964,1
60636,send,11:66:F0:00:01:3D,1646,,965,1
60637,ack,11:66:F0:00:01:3D,,0,964,1
60649,send,11:66:F0:00:01:3D,1647,,965,1
60661,send,11:66:F0:00:01:3D,1648,,966,1
60672,send,11:66:F0:00:01:3D,1649,,967,1
60684,send,11:66:F0:00:01:3D,1650,,968,1
60696,send,11:66:F0:00:01:3D,1651,,969,1
60697,ack,11:66:F0:00:01:3D,,0,968,1
60706,send,11:66:F0:00:01:3D,1652,,969,1
60718,send,11:66:F0:00:01:3D,1653,,970,1
60728,send,11:66:F0:00:01:3D,1654,,971,1
60740,send,11:66:F0:00:01:3D,1655,,972,1
60751,send,11:66:F0:00:01:3D,1656,,973,1
60756,ack,11:66:F0:00:01:3D,,0,972,1
60766,send,11:66:F0:00:01:3D,1657,,973,1
60777,send,11:66:F0:00:01:3D,1658,,974,1
60792,send,11:66:F0:00:01:3D,1659,,975,1
60803,send,11:66:F0:00:01:3D,1660,,976,1
60815,send,11:66:F0:00:01:3D,1661,,977,1
60815,ack,11:66:F0:00:01:3D,,0,976,1
60826,send,11:66:F0:00:01:3D,1662,,977,1
60836,send,11:66:F0:00:01:3D,1663,,978,1
60847,send,11:66:F0:00:01:3D,1664,,979,1
60858,send,11:66:F0:00:01:3D,1665,,980,1
60869,send,11:66:F0:00:01:3D,1666,,981,1
60875,ack,11:66:F0:00:01:3D,,0,980,1
60887,send,11:66:F0:00:01:3D,1667,,981,1
60900,send,11:66:F0:00:01:3D,1668,,982,1
60913,send,11:66:F0:00:01:3D,1669,,983,1
60925,send,11:66:F0:00:01:3D,1670,,984,1
60933,ack,11:66:F0:00:01:3D,,0,983,1
60942,send,11:66:F0:00:01:3D,1671,,984,1
60953,send,11:66:F0:00:01:3D,1672,,985,1
60966,send,11:66:F0:00:01:3D,1673,,986,1
60977,send,11:66:F0:00:01:3D,1674,,987,1
60988,send,11:66:F0:00:01:3D,1675,,988,1
60991,ack,11:66:F0:00:01:3D,,0,987,1
61003,send,11:66:F0:00:01:3D,1676,,988,1
61014,send,11:66:F0:00:01:3D,1677,,989,1
61026,send,11:66:F0:00:01:3D,1678,,990,1
61038,send,11:66:F0:00:01:3D,1679,,991,1
61049,ack,11:66:F0:00:01:3D,,0,990,1
61050,send,11:66:F0:00:01:3D,1680,,991,1
61064,send,11:66:F0:00:01:3D,1681,,992,1
61075,send,11:66:F0:00:01:3D,1682,,993,1
61086,send,11:66:F0:00:01:3D,1683,,994,1
61098,send,11:66:F0:00:01:3D,1684,,995,1
61104,ack,11:66:F0:00:01:3D,,0,994,1
61113,send,11:66:F0:00:01:3D,1685,,995,1
61125,send,11:66:F0:00:01:3D,1686,,996,1
61137,send,11:66:F0:00:01:3D,1687,,997,1
61148,send,11:66:F0:00:01:3D,1688,,998,1
