step,sub_mode,mode_switch_first,tail,warm,cold,luma,white_ref,black_ref,frames,black_ref_ok,ref_frac,lit
s1_t0_w255_c0,1,no,0,255,0,1.034,96.172,1.052,30,yes,-0.0002,no
s1_t0_w0_c255,1,no,0,0,255,1.05,96.172,1.052,31,yes,-0.0000,no
s1_t0_w255_c255,1,no,0,255,255,1.039,96.172,1.052,30,yes,-0.0001,no
s1_t0_w100_c0,1,no,0,100,0,1.043,96.172,1.052,30,yes,-0.0001,no
s1_t8_w255_c0,1,no,8,255,0,1.031,97.264,1.057,31,yes,-0.0003,no
s1_t8_w0_c255,1,no,8,0,255,1.048,97.264,1.057,30,yes,-0.0001,no
s1_t8_w255_c255,1,no,8,255,255,1.041,97.264,1.057,31,yes,-0.0002,no
s1_t8_w100_c0,1,no,8,100,0,1.034,97.264,1.057,31,yes,-0.0002,no
s2_t0_w255_c0,2,no,0,255,0,1.025,96.594,1.044,30,yes,-0.0002,no
s2_t0_w0_c255,2,no,0,0,255,1.038,96.594,1.044,30,yes,-0.0001,no
s2_t0_w255_c255,2,no,0,255,255,1.032,96.594,1.044,31,yes,-0.0001,no
s2_t0_w100_c0,2,no,0,100,0,1.033,96.594,1.044,30,yes,-0.0001,no
s2_t8_w255_c0,2,no,8,255,0,1.042,96.889,1.041,31,yes,0.0000,no
s2_t8_w0_c255,2,no,8,0,255,1.032,96.889,1.041,31,yes,-0.0001,no
s2_t8_w255_c255,2,no,8,255,255,1.029,96.889,1.041,30,yes,-0.0001,no
s2_t8_w100_c0,2,no,8,100,0,1.036,96.889,1.041,31,yes,-0.0001,no
s3_t0_w255_c0,3,no,0,255,0,71.824,96.806,1.042,30,yes,0.7391,yes
s3_t0_w0_c255,3,no,0,0,255,78.897,96.806,1.042,30,yes,0.8130,yes
s3_t0_w255_c255,3,no,0,255,255,96.251,96.806,1.042,31,yes,0.9942,yes
s3_t0_w100_c0,3,no,0,100,0,63.353,96.806,1.042,30,yes,0.6507,yes
s3_t8_w255_c0,3,no,8,255,0,72.032,96.152,1.056,31,yes,0.7464,yes
s3_t8_w0_c255,3,no,8,0,255,78.665,96.152,1.056,31,yes,0.8161,yes
s3_t8_w255_c255,3,no,8,255,255,96.188,96.152,1.056,31,yes,1.0004,yes
s3_t8_w100_c0,3,no,8,100,0,63.34,96.152,1.056,31,yes,0.6550,yes
mode_s1_w255_c0,1,yes,,255,0,1.015,96.388,62.638,31,no,-1.8259,no
mode_s1_w0_c255,1,yes,,0,255,1.022,96.388,62.638,30,no,-1.8257,no
mode_s1_w255_c255,1,yes,,255,255,1.029,96.388,62.638,30,no,-1.8255,no
mode_s1_w100_c0,1,yes,,100,0,1.021,96.388,62.638,31,no,-1.8257,no
mode_s2_w255_c0,2,yes,,255,0,1.024,96.388,62.638,30,no,-1.8256,no
mode_s2_w0_c255,2,yes,,0,255,1.024,96.388,62.638,30,no,-1.8256,no
mode_s2_w255_c255,2,yes,,255,255,1.034,96.388,62.638,31,no,-1.8253,no
mode_s2_w100_c0,2,yes,,100,0,1.037,96.388,62.638,30,no,-1.8252,no
mode_s3_w255_c0,3,yes,,255,0,72.016,96.388,62.638,31,no,0.2779,yes
mode_s3_w0_c255,3,yes,,0,255,78.63,96.388,62.638,31,no,0.4739,yes
mode_s3_w255_c255,3,yes,,255,255,96.0,96.388,62.638,30,no,0.9885,yes
mode_s3_w100_c0,3,yes,,100,0,63.129,96.388,62.638,30,no,0.0146,no
