driven,commanded,share_r,share_g,share_b,off_channel_share
red,16,0.6332,0.2361,0.1308,0.3668
red,32,0.5718,0.2622,0.166,0.4282
red,64,0.5461,0.258,0.1958,0.4539
red,96,0.554,0.2443,0.2017,0.446
red,128,0.5592,0.237,0.2038,0.4408
red,160,0.5636,0.2307,0.2057,0.4364
red,192,0.5712,0.2276,0.2012,0.4288
red,224,0.5797,0.2237,0.1966,0.4203
red,255,0.5881,0.2196,0.1923,0.4119
green,16,0.1791,0.3912,0.4297,0.6088
green,32,0.2319,0.3687,0.3994,0.6313
green,64,0.2507,0.3637,0.3856,0.6363
green,96,0.2402,0.3753,0.3845,0.6247
green,128,0.2353,0.385,0.3798,0.615
green,160,0.2308,0.3912,0.378,0.6088
green,192,0.2246,0.3974,0.378,0.6026
green,224,0.2194,0.4027,0.378,0.5973
green,255,0.2241,0.4007,0.3752,0.5993
blue,16,0.1337,0.2084,0.658,0.342
blue,32,0.1766,0.2428,0.5807,0.4193
blue,64,0.2066,0.242,0.5514,0.4486
blue,96,0.2059,0.224,0.5701,0.4299
blue,128,0.2052,0.2197,0.5751,0.4249
blue,160,0.2049,0.2168,0.5783,0.4217
blue,192,0.2062,0.2148,0.579,0.421
blue,224,0.2064,0.2127,0.5808,0.4192
blue,255,0.2001,0.2136,0.5863,0.4137
