run,edge,label,clock,lat_lo_ms,lat_hi_ms,latency_ms,pre_edge_luma,post_edge_luma
fast_fuse_latency_latency_camera_1788329985583.csv,rise,latcam_0_on,sensor_ts_ns,10.5,43.5,27.0,1.0,83.9
fast_fuse_latency_latency_camera_1788329985583.csv,fall,latcam_0_off,sensor_ts_ns,59.1,92.1,75.6,89.2,1.0
fast_fuse_latency_latency_camera_1788329985583.csv,rise,latcam_1_on,sensor_ts_ns,6.9,39.9,23.4,1.0,87.3
fast_fuse_latency_latency_camera_1788329985583.csv,fall,latcam_1_off,sensor_ts_ns,153.8,186.8,170.3,89.4,1.0
fast_fuse_latency_latency_camera_1788329985583.csv,rise,latcam_2_on,sensor_ts_ns,36.0,69.0,52.5,1.0,82.4
fast_fuse_latency_latency_camera_1788329985583.csv,fall,latcam_2_off,sensor_ts_ns,22.1,55.1,38.6,89.9,1.0
fast_fuse_latency_latency_camera_1788329985583.csv,rise,latcam_3_on,sensor_ts_ns,1.9,34.9,18.4,0.9,81.6
fast_fuse_latency_latency_camera_1788329985583.csv,fall,latcam_3_off,sensor_ts_ns,16.7,49.7,33.2,89.6,1.0
fast_fuse_latency_latency_camera_1788329985583.csv,rise,latcam_4_on,sensor_ts_ns,26.9,59.9,43.4,1.0,85.0
fast_fuse_latency_latency_camera_1788329985583.csv,fall,latcam_4_off,sensor_ts_ns,43.4,76.4,59.9,89.5,1.0
fast_fuse_latency_latency_camera_1788329985583.csv,rise,latcam_5_on,sensor_ts_ns,22.2,55.2,38.7,1.0,85.1
fast_fuse_latency_latency_camera_1788329985583.csv,fall,latcam_5_off,sensor_ts_ns,7.1,40.1,23.6,89.6,1.0
fast_fuse_latency_latency_camera_1788329985583.csv,rise,latcam_6_on,sensor_ts_ns,54.0,87.0,70.5,1.0,87.2
fast_fuse_latency_latency_camera_1788329985583.csv,fall,latcam_6_off,sensor_ts_ns,105.0,138.0,121.5,90.0,1.0
fast_fuse_latency_latency_camera_1788329985583.csv,rise,latcam_7_on,sensor_ts_ns,48.9,81.9,65.4,1.0,87.9
fast_fuse_latency_latency_camera_1788329985583.csv,fall,latcam_7_off,sensor_ts_ns,34.0,67.0,50.5,89.9,1.0
fast_fuse_latency_latency_camera_1788329985583.csv,rise,latcam_8_on,sensor_ts_ns,15.7,48.7,32.2,1.0,85.6
fast_fuse_latency_latency_camera_1788329985583.csv,fall,latcam_8_off,sensor_ts_ns,99.0,132.0,115.5,89.7,1.0
fast_fuse_latency_latency_camera_1788329985583.csv,rise,latcam_9_on,sensor_ts_ns,13.6,46.6,30.1,1.0,78.9
fast_fuse_latency_latency_camera_1788329985583.csv,fall,latcam_9_off,sensor_ts_ns,0.0,30.9,15.4,89.3,1.0
fast_fuse_latency_latency_camera_1788329985583.csv,rise,latcam_10_on,sensor_ts_ns,110.9,143.9,127.4,1.0,87.0
fast_fuse_latency_latency_camera_1788329985583.csv,fall,latcam_10_off,sensor_ts_ns,128.8,161.8,145.3,90.0,1.0
fast_fuse_latency_latency_camera_1788329985583.csv,rise,latcam_11_on,sensor_ts_ns,8.4,41.3,24.8,1.0,87.5
fast_fuse_latency_latency_camera_1788329985583.csv,fall,latcam_11_off,sensor_ts_ns,0.0,25.7,12.8,89.2,1.0
fast_fuse_latency_latency_camera_1788329985583.csv,rise,latcam_12_on,sensor_ts_ns,36.2,69.2,52.7,0.9,85.3
fast_fuse_latency_latency_camera_1788329985583.csv,fall,latcam_12_off,sensor_ts_ns,19.7,52.7,36.2,89.1,1.0
fast_fuse_latency_latency_camera_1788329985583.csv,rise,latcam_13_on,sensor_ts_ns,31.4,64.4,47.9,0.9,88.1
fast_fuse_latency_latency_camera_1788329985583.csv,fall,latcam_13_off,sensor_ts_ns,11.7,44.7,28.2,89.1,1.0
fast_fuse_latency_latency_camera_1788329985583.csv,rise,latcam_14_on,sensor_ts_ns,0.0,24.0,12.0,0.9,86.2
fast_fuse_latency_latency_camera_1788329985583.csv,fall,latcam_14_off,sensor_ts_ns,76.1,109.1,92.6,89.1,1.0
fast_fuse_latency_latency_camera_1788329985583.csv,rise,latcam_15_on,sensor_ts_ns,24.2,57.2,40.7,1.0,81.9
fast_fuse_latency_latency_camera_1788329985583.csv,fall,latcam_15_off,sensor_ts_ns,8.9,41.9,25.4,89.5,1.0
fast_fuse_latency_latency_camera_1788329985583.csv,rise,latcam_16_on,sensor_ts_ns,20.2,53.2,36.7,1.0,87.6
fast_fuse_latency_latency_camera_1788329985583.csv,fall,latcam_16_off,sensor_ts_ns,5.4,38.4,21.9,89.7,1.0
fast_fuse_latency_latency_camera_1788329985583.csv,rise,latcam_17_on,sensor_ts_ns,48.1,81.1,64.6,1.0,84.7
fast_fuse_latency_latency_camera_1788329985583.csv,fall,latcam_17_off,sensor_ts_ns,19.5,52.4,36.0,89.1,1.0
fast_fuse_latency_latency_camera_1788329985583.csv,rise,latcam_18_on,sensor_ts_ns,0.0,32.6,16.3,1.0,81.9
fast_fuse_latency_latency_camera_1788329985583.csv,fall,latcam_18_off,sensor_ts_ns,0.0,15.1,7.6,89.1,1.0
fast_fuse_latency_latency_camera_1788329985583.csv,rise,latcam_19_on,sensor_ts_ns,25.5,58.5,42.0,1.0,84.9
fast_fuse_latency_latency_camera_1788329985583.csv,fall,latcam_19_off,sensor_ts_ns,2.7,35.7,19.2,89.4,1.0
fuse_latency_latency_camera_1788329789575.csv,rise,latcam_0_on,sensor_ts_ns,0.0,58.9,29.4,6.0,226.5
fuse_latency_latency_camera_1788329789575.csv,fall,latcam_0_off,sensor_ts_ns,2.4,35.9,19.2,132.5,1.1
fuse_latency_latency_camera_1788329789575.csv,rise,latcam_1_on,sensor_ts_ns,0.0,20.8,10.4,6.9,245.2
fuse_latency_latency_camera_1788329789575.csv,fall,latcam_1_off,sensor_ts_ns,0.0,0.3,0.2,121.9,1.1
fuse_latency_latency_camera_1788329789575.csv,rise,latcam_2_on,sensor_ts_ns,0.0,42.8,21.4,6.6,244.1
fuse_latency_latency_camera_1788329789575.csv,fall,latcam_2_off,sensor_ts_ns,22.5,55.6,39.1,122.6,1.1
fuse_latency_latency_camera_1788329789575.csv,rise,latcam_3_on,sensor_ts_ns,0.0,2.8,1.4,6.7,243.2
fuse_latency_latency_camera_1788329789575.csv,fall,latcam_3_off,sensor_ts_ns,0.0,9.3,4.7,121.1,1.1
fuse_latency_latency_camera_1788329789575.csv,rise,latcam_4_on,sensor_ts_ns,0.0,54.4,27.2,6.7,246.0
fuse_latency_latency_camera_1788329789575.csv,fall,latcam_4_off,sensor_ts_ns,0.0,31.7,15.8,125.6,1.1
fuse_latency_latency_camera_1788329789575.csv,rise,latcam_5_on,sensor_ts_ns,0.0,18.3,9.2,6.9,239.3
fuse_latency_latency_camera_1788329789575.csv,fall,latcam_5_off,sensor_ts_ns,6.9,40.1,23.5,122.4,1.0
fuse_latency_latency_camera_1788329789575.csv,rise,latcam_6_on,sensor_ts_ns,0.0,62.6,31.3,6.8,246.0
fuse_latency_latency_camera_1788329789575.csv,fall,latcam_6_off,sensor_ts_ns,0.0,7.6,3.8,123.4,1.4
fuse_latency_latency_camera_1788329789575.csv,rise,latcam_7_on,sensor_ts_ns,0.0,48.0,24.0,6.8,246.0
fuse_latency_latency_camera_1788329789575.csv,fall,latcam_7_off,sensor_ts_ns,0.0,23.1,11.5,123.1,1.1
fuse_latency_latency_camera_1788329789575.csv,rise,latcam_8_on,sensor_ts_ns,0.0,8.8,4.4,6.9,238.4
fuse_latency_latency_camera_1788329789575.csv,fall,latcam_8_off,sensor_ts_ns,0.0,28.9,14.5,122.3,1.0
fuse_latency_latency_camera_1788329789575.csv,rise,latcam_9_on,sensor_ts_ns,0.0,46.5,23.3,6.8,246.9
fuse_latency_latency_camera_1788329789575.csv,fall,latcam_9_off,sensor_ts_ns,58.1,91.4,74.8,123.7,1.0
fuse_latency_latency_camera_1788329789575.csv,rise,latcam_10_on,sensor_ts_ns,6.6,73.2,39.9,6.8,244.3
fuse_latency_latency_camera_1788329789575.csv,fall,latcam_10_off,sensor_ts_ns,0.0,21.6,10.8,123.3,1.1
fuse_latency_latency_camera_1788329789575.csv,rise,latcam_11_on,sensor_ts_ns,4.5,71.0,37.7,6.9,246.2
fuse_latency_latency_camera_1788329789575.csv,fall,latcam_11_off,sensor_ts_ns,0.0,12.5,6.3,124.4,1.1
fuse_latency_latency_camera_1788329789575.csv,rise,latcam_12_on,sensor_ts_ns,0.0,58.2,29.1,61.4,247.5
fuse_latency_latency_camera_1788329789575.csv,fall,latcam_12_off,sensor_ts_ns,38.5,72.7,55.6,130.0,1.1
fuse_latency_latency_camera_1788329789575.csv,rise,latcam_13_on,sensor_ts_ns,0.0,45.3,22.6,79.2,233.6
fuse_latency_latency_camera_1788329789575.csv,fall,latcam_13_off,sensor_ts_ns,0.0,22.7,11.4,121.0,1.0
fuse_latency_latency_camera_1788329789575.csv,rise,latcam_14_on,sensor_ts_ns,0.0,38.0,19.0,6.7,239.1
fuse_latency_latency_camera_1788329789575.csv,fall,latcam_14_off,sensor_ts_ns,20.7,54.0,37.3,124.8,1.1
fuse_latency_latency_camera_1788329789575.csv,rise,latcam_15_on,sensor_ts_ns,0.0,6.1,3.1,7.0,245.6
fuse_latency_latency_camera_1788329789575.csv,fall,latcam_15_off,sensor_ts_ns,45.7,79.0,62.3,121.3,1.0
fuse_latency_latency_camera_1788329789575.csv,rise,latcam_16_on,sensor_ts_ns,0.0,29.0,14.5,60.5,245.8
fuse_latency_latency_camera_1788329789575.csv,fall,latcam_16_off,sensor_ts_ns,0.0,8.6,4.3,126.2,1.3
fuse_latency_latency_camera_1788329789575.csv,rise,latcam_17_on,sensor_ts_ns,0.0,58.6,29.3,69.0,241.9
fuse_latency_latency_camera_1788329789575.csv,fall,latcam_17_off,sensor_ts_ns,7.5,40.9,24.2,125.1,1.0
fuse_latency_latency_camera_1788329789575.csv,rise,latcam_18_on,sensor_ts_ns,0.0,56.5,28.2,87.2,232.9
fuse_latency_latency_camera_1788329789575.csv,fall,latcam_18_off,sensor_ts_ns,0.0,31.8,15.9,121.0,1.1
fuse_latency_latency_camera_1788329789575.csv,rise,latcam_19_on,sensor_ts_ns,0.0,40.0,20.0,6.8,245.9
fuse_latency_latency_camera_1788329789575.csv,fall,latcam_19_off,sensor_ts_ns,17.5,50.8,34.1,120.5,1.0
