exposure,byte,lin_r,lin_g,lin_b,lin_mean
bright,0,0.0,0.0,0.0,0.0
bright,1,0.0,0.0,0.0,0.0
bright,2,441.5,486.0,1003.0,643.5
bright,3,1465.0,1482.5,2652.0,1866.5
bright,4,2318.0,2226.0,3510.5,2684.8
bright,5,2930.0,2651.0,3922.5,3167.8
bright,6,3339.5,2952.5,4333.5,3541.8
bright,7,3674.5,3264.0,4721.5,3886.7
bright,8,3852.5,3486.5,4920.0,4086.3
bright,9,4098.5,3701.0,5175.5,4325.0
bright,10,4373.5,3946.5,5412.0,4577.3
bright,11,4609.0,4130.5,5654.5,4798.0
bright,12,4740.0,4226.0,5800.0,4922.0
bright,13,4870.0,4358.0,5905.0,5044.3
bright,14,5045.5,4473.5,6223.0,5247.3
bright,15,5188.0,4607.5,6518.5,5438.0
bright,16,5259.5,4687.5,6742.0,5563.0
bright,17,5383.0,4746.5,6822.5,5650.7
bright,18,5510.5,4890.0,7030.5,5810.3
bright,19,5659.5,5005.5,7192.5,5952.5
bright,20,5664.0,5016.5,7298.0,5992.8
bright,21,5817.5,5133.0,7452.0,6134.2
bright,22,5901.5,5306.5,7567.5,6258.5
bright,23,6025.5,5464.5,7673.5,6387.8
bright,24,6158.0,5547.5,7755.5,6487.0
bright,25,6360.0,5706.0,7835.5,6633.8
bright,26,6510.0,5812.5,7964.0,6762.2
bright,27,6643.0,5896.0,8091.5,6876.8
bright,28,6739.5,5973.0,8216.5,6976.3
bright,29,6748.5,6028.0,8249.5,7008.7
bright,30,6739.5,6064.5,8244.0,7016.0
bright,31,6864.5,6138.5,8396.0,7133.0
bright,32,6910.5,6179.5,8460.5,7183.5
bright,33,6981.0,6228.5,8539.5,7249.7
bright,34,7066.0,6274.0,8610.0,7316.7
bright,35,7131.0,6331.0,8729.5,7397.2
bright,36,7169.5,6379.5,8784.5,7444.5
bright,37,7161.0,6384.5,8719.0,7421.5
bright,38,7223.5,6436.0,8857.0,7505.5
bright,39,7326.0,6515.0,8989.5,7610.2
bright,40,7299.0,6476.5,9037.5,7604.3
bright,41,7414.0,6582.0,9175.0,7723.7
bright,42,7458.0,6625.5,9230.5,7771.3
bright,43,7479.0,6591.5,9212.0,7760.8
bright,44,7515.5,6641.5,9316.5,7824.5
bright,45,7586.0,6700.0,9424.5,7903.5
bright,46,7605.0,6708.0,9399.0,7904.0
bright,47,7640.0,6723.0,9456.5,7939.8
bright,48,7683.5,6741.5,9401.0,7942.0
bright,49,7757.5,6800.5,9574.0,8044.0
bright,50,7803.0,6830.0,9642.5,8091.8
bright,51,7777.5,6803.5,9584.0,8055.0
bright,52,7867.5,6878.5,9774.0,8173.3
bright,53,7866.5,6873.0,9705.0,8148.2
bright,54,7918.0,6920.0,9848.0,8228.7
bright,55,7978.5,6955.0,9919.0,8284.2
bright,56,7979.5,6980.5,9877.0,8279.0
bright,57,8055.5,7000.0,10030.5,8362.0
bright,58,8037.5,7030.0,9992.0,8353.2
bright,59,8104.0,7070.5,10114.0,8429.5
bright,60,8131.0,7090.0,10187.5,8469.5
bright,61,8203.5,7137.0,10253.0,8531.2
bright,62,8202.5,7147.5,10283.5,8544.5
bright,63,8310.5,7225.5,10404.0,8646.7
bright,64,8276.0,7217.0,10395.5,8629.5
bright,65,8336.5,7263.5,10479.0,8693.0
bright,66,8376.5,7314.0,10529.5,8740.0
bright,67,8340.0,7268.0,10514.0,8707.3
bright,68,8444.5,7358.0,10735.0,8845.8
bright,69,8461.0,7380.5,10798.0,8879.8
bright,70,8507.0,7421.0,10888.5,8938.8
bright,71,8556.5,7469.0,10978.5,9001.3
bright,72,8580.0,7498.0,11095.0,9057.7
bright,73,8595.0,7525.0,11210.0,9110.0
bright,74,8594.5,7508.0,11239.0,9113.8
bright,75,8667.5,7574.0,11366.0,9202.5
bright,76,8709.5,7603.5,11502.5,9271.8
bright,77,8687.0,7590.0,11532.5,9269.8
bright,78,8702.0,7616.0,11656.0,9324.7
bright,79,8784.5,7661.5,11779.5,9408.5
bright,80,8798.0,7674.0,11837.0,9436.3
bright,81,8850.0,7731.5,11986.5,9522.7
bright,82,8825.5,7757.0,12032.5,9538.3
bright,83,8863.0,7833.5,12208.5,9635.0
bright,84,8938.0,7857.0,12277.0,9690.7
bright,85,8949.5,7906.5,12370.0,9742.0
bright,86,8998.0,7891.0,12372.0,9753.7
bright,87,9029.5,7957.5,12521.5,9836.2
bright,88,9036.0,7977.0,12549.5,9854.2
bright,89,9065.0,7976.5,12547.5,9863.0
bright,90,9059.0,8006.0,12590.5,9885.2
bright,91,9099.5,8017.0,12637.0,9917.8
bright,92,9141.0,8054.5,12759.0,9984.8
bright,93,9167.5,8069.5,12733.0,9990.0
bright,94,9176.5,8062.5,12764.5,10001.2
bright,95,9183.5,8074.0,12759.0,10005.5
bright,96,9243.0,8136.0,12888.5,10089.2
bright,97,9274.5,8208.5,13023.0,10168.7
bright,98,9277.0,8135.0,13050.5,10154.2
bright,99,9297.0,8166.0,12947.5,10136.8
bright,100,9321.0,8228.0,13063.5,10204.2
bright,101,9358.0,8272.0,13136.0,10255.3
bright,102,9324.0,8233.5,13135.0,10230.8
bright,103,9391.0,8309.5,13198.5,10299.7
bright,104,9390.0,8292.5,13219.5,10300.7
bright,105,9451.5,8394.0,13389.5,10411.7
bright,106,9445.5,8372.0,13354.0,10390.5
bright,107,9473.5,8392.5,13395.5,10420.5
bright,108,9503.0,8454.0,13528.0,10495.0
bright,109,9516.0,8420.0,13403.0,10446.3
bright,110,9561.0,8499.5,13618.0,10559.5
bright,111,9557.0,8460.0,13492.5,10503.2
bright,112,9579.5,8500.5,13608.0,10562.7
bright,113,9604.5,8522.5,13646.0,10591.0
bright,114,9640.5,8590.0,13761.0,10663.8
bright,115,9651.5,8583.5,13766.5,10667.2
bright,116,9655.5,8618.0,13828.0,10700.5
bright,117,9684.5,8634.0,13883.5,10734.0
bright,118,9709.5,8608.5,13760.0,10692.7
bright,119,9717.0,8663.0,13911.0,10763.7
bright,120,9750.0,8705.5,13965.0,10806.8
bright,121,9753.5,8698.5,13978.0,10810.0
bright,122,9803.0,8770.0,14111.0,10894.7
bright,123,9808.5,8701.5,14140.5,10883.5
bright,124,9810.0,8753.0,14143.0,10902.0
bright,125,9814.5,8810.0,14160.5,10928.3
bright,126,9839.5,8832.0,14057.0,10909.5
bright,127,9833.5,8880.0,14110.5,10941.3
bright,128,9859.5,8930.0,14087.0,10958.8
bright,129,9923.0,9005.5,14393.0,11107.2
bright,130,9900.5,8946.0,14251.5,11032.7
bright,131,9957.5,9005.0,14339.5,11100.7
bright,132,9934.5,9010.0,14296.0,11080.2
bright,133,10005.5,9169.0,14528.0,11234.2
bright,134,10007.0,9209.5,14546.0,11254.2
bright,135,10003.0,9172.5,14558.0,11244.5
bright,136,10040.5,9227.5,14625.5,11297.8
bright,137,10030.0,9211.0,14566.5,11269.2
bright,138,10034.0,9164.0,14469.0,11222.3
bright,139,10081.0,9262.5,14638.0,11327.2
bright,140,10110.0,9302.0,14680.0,11364.0
bright,141,10081.0,9279.0,14629.0,11329.7
bright,142,10144.0,9350.0,14871.5,11455.2
bright,143,10153.5,9381.0,14835.0,11456.5
bright,144,10185.5,9432.5,14891.0,11503.0
bright,145,10180.5,9390.0,14747.5,11439.3
bright,146,10225.5,9498.5,14771.5,11498.5
bright,147,10219.5,9473.0,14762.0,11484.8
bright,148,10242.5,9541.0,15008.0,11597.2
bright,149,10261.0,9541.5,15036.0,11612.8
bright,150,10318.5,9639.5,15066.5,11674.8
bright,151,10319.5,9697.0,15019.5,11678.7
bright,152,10363.0,9668.0,14931.0,11654.0
bright,153,10363.5,9759.5,15146.0,11756.3
bright,154,10369.0,9795.5,15129.0,11764.5
bright,155,10389.0,9769.5,15150.5,11769.7
bright,156,10393.5,9768.5,15047.0,11736.3
bright,157,10357.0,9750.0,15183.0,11763.3
bright,158,10441.0,9863.5,15347.0,11883.8
bright,159,10410.5,9833.5,15218.0,11820.7
bright,160,10476.0,9881.5,15332.0,11896.5
bright,161,10419.0,9872.0,15374.5,11888.5
bright,162,10509.0,9972.0,15377.5,11952.8
bright,163,10518.5,9998.5,15381.0,11966.0
bright,164,10517.0,9968.5,15335.5,11940.3
bright,165,10565.0,10090.5,15515.0,12056.8
bright,166,10577.0,10010.5,15394.5,11994.0
bright,167,10488.5,10031.5,15565.5,12028.5
bright,168,10576.0,10088.0,15551.0,12071.7
bright,169,10602.0,10154.5,15634.5,12130.3
bright,170,10634.0,10202.0,15683.0,12173.0
bright,171,10651.0,10149.0,15632.0,12144.0
bright,172,10574.5,10284.0,15761.0,12206.5
bright,173,10664.0,10181.0,15692.5,12179.2
bright,174,10614.5,10325.5,15854.5,12264.8
bright,175,10612.0,10214.5,15674.5,12167.0
bright,176,10750.0,10312.5,15897.0,12319.8
bright,177,10658.5,10399.5,15952.5,12336.8
bright,178,10679.0,10411.5,15971.5,12354.0
bright,179,10827.0,10337.5,15929.0,12364.5
bright,180,10685.0,10363.0,15979.5,12342.5
bright,181,10853.5,10224.0,15792.0,12289.8
bright,182,10904.0,10263.0,15863.5,12343.5
bright,183,10964.0,10401.0,16057.0,12474.0
bright,184,10959.5,10342.0,16015.5,12439.0
bright,185,10967.5,10279.5,15892.5,12379.8
bright,186,11038.0,10451.5,16135.0,12541.5
bright,187,10881.5,10584.0,16272.0,12579.2
bright,188,10863.5,10422.0,16133.0,12472.8
bright,189,10990.0,10476.0,16212.0,12559.3
bright,190,11055.0,10365.0,16080.0,12500.0
bright,191,11111.5,10417.0,16065.5,12531.3
bright,192,11153.5,10564.0,16297.0,12671.5
bright,193,11112.5,10734.5,16105.0,12650.7
bright,194,11052.0,10650.0,16064.0,12588.7
bright,195,11033.5,10743.5,16105.5,12627.5
bright,196,11108.0,10779.5,16166.0,12684.5
bright,197,11049.0,10692.5,16063.0,12601.5
bright,198,11181.5,10718.5,16152.5,12684.2
bright,199,11098.5,10803.0,16217.5,12706.3
bright,200,11106.0,10813.0,16244.0,12721.0
bright,201,11170.5,10889.5,16341.0,12800.3
bright,202,11184.0,10728.5,16213.0,12708.5
bright,203,11166.5,10724.0,16194.5,12695.0
bright,204,11212.5,10971.0,16452.0,12878.5
bright,205,11218.5,10885.0,16378.0,12827.2
bright,206,11427.5,10858.0,16383.5,12889.7
bright,207,11362.0,10819.0,16370.0,12850.3
bright,208,11375.0,10738.5,16312.0,12808.5
bright,209,11424.0,10865.5,16463.0,12917.5
bright,210,11445.0,10754.0,16352.0,12850.3
bright,211,11492.5,10846.0,16484.0,12940.8
bright,212,11409.5,10934.5,16550.5,12964.8
bright,213,11405.0,10855.0,16469.0,12909.7
bright,214,11545.0,10923.0,16589.5,13019.2
bright,215,11536.5,10802.0,16464.0,12934.2
bright,216,11688.5,11074.5,16717.0,13160.0
bright,217,11624.0,10959.5,16661.0,13081.5
bright,218,11602.0,11007.0,16743.5,13117.5
bright,219,11610.5,11114.0,16813.0,13179.2
bright,220,11650.0,10910.0,16656.0,13072.0
bright,221,11647.0,11029.0,16779.0,13151.7
bright,222,11686.0,11176.5,16887.5,13250.0
bright,223,11708.5,11003.0,16743.0,13151.5
bright,224,11853.5,11089.0,16877.5,13273.3
bright,225,11878.5,11121.0,16940.5,13313.3
bright,226,11806.0,10983.5,16799.0,13196.2
bright,227,11744.5,11128.0,16934.0,13268.8
bright,228,11772.5,11152.0,16956.5,13293.7
bright,229,11937.5,11168.0,16994.0,13366.5
bright,230,11926.5,11158.5,16959.0,13348.0
bright,231,11793.0,11137.5,16953.5,13294.7
bright,232,11799.5,11040.5,16835.0,13225.0
bright,233,11938.5,11113.0,16986.0,13345.8
bright,234,11944.0,11237.5,17117.5,13433.0
bright,235,11866.0,11197.5,17052.0,13371.8
bright,236,11964.5,11187.5,17013.0,13388.3
bright,237,11962.0,11271.0,17141.5,13458.2
bright,238,11948.5,11211.5,17114.5,13424.8
bright,239,11945.0,11277.0,17166.5,13462.8
bright,240,11979.5,11127.5,17030.0,13379.0
bright,241,12017.0,11169.5,17132.5,13439.7
bright,242,12087.0,11262.0,17256.0,13535.0
bright,243,12045.0,11296.0,17271.5,13537.5
bright,244,12001.0,11113.0,17125.0,13413.0
bright,245,12054.0,11155.5,17200.0,13469.8
bright,246,12212.0,11337.0,17393.0,13647.3
bright,247,12155.0,11261.5,17329.5,13582.0
bright,248,12257.0,11370.0,17436.5,13687.8
bright,249,12268.0,11380.0,17448.0,13698.7
bright,250,12210.0,11394.5,17460.5,13688.3
bright,251,12227.0,11324.5,17449.0,13666.8
bright,252,12309.0,11422.0,17541.0,13757.3
bright,253,12226.5,11345.0,17465.5,13679.0
bright,254,12242.0,11349.5,17491.0,13694.2
bright,255,12331.5,11420.5,17576.5,13776.2
dark,0,0.0,0.0,0.0,0.0
dark,1,0.0,0.0,0.0,0.0
dark,2,2193.0,2228.0,3315.0,2578.7
dark,3,4009.5,3481.0,5155.0,4215.2
dark,4,5280.5,4526.5,7031.5,5612.8
dark,5,5955.0,5324.0,7753.5,6344.2
dark,6,6883.5,5875.5,8792.5,7183.8
dark,7,7425.0,6333.5,10343.0,8033.8
dark,8,7823.0,6688.0,11865.0,8792.0
dark,9,8257.5,7225.5,13266.0,9583.0
dark,10,8826.5,7816.5,14508.0,10383.7
dark,11,9312.0,8627.5,15836.5,11258.7
dark,12,9950.5,9076.0,16736.0,11920.8
dark,13,10833.5,9919.5,17642.5,12798.5
dark,14,11675.5,10706.5,18238.0,13540.0
dark,15,12584.0,11491.0,19079.0,14384.7
dark,16,13479.5,12078.5,19632.0,15063.3
dark,17,14373.5,12723.5,20405.5,15834.2
dark,18,15166.0,13307.5,21063.5,16512.3
dark,19,15831.5,13878.0,21659.0,17122.8
dark,20,16439.0,14439.0,22278.5,17718.8
dark,21,17048.5,15025.0,22889.0,18320.8
dark,22,17865.0,15434.5,23608.5,18969.3
dark,23,18112.5,15552.5,23877.5,19180.8
dark,24,18577.5,15786.5,24380.5,19581.5
dark,25,18986.5,16137.0,24903.5,20009.0
dark,26,19282.5,16350.0,25363.5,20332.0
dark,27,19652.0,16657.0,25890.5,20733.2
dark,28,19943.0,16955.5,26356.0,21084.8
dark,29,20234.5,17245.0,26826.5,21435.3
dark,30,20545.0,17482.5,27317.5,21781.7
dark,31,20786.0,17690.0,27693.0,22056.3
dark,32,21183.0,18050.0,28445.0,22559.3
dark,33,21435.5,18294.0,29053.0,22927.5
dark,34,21740.0,18534.0,29671.5,23315.2
dark,35,21985.5,18760.0,30178.5,23641.3
dark,36,22263.0,19005.5,30843.5,24037.3
dark,37,22573.5,19297.5,31403.5,24424.8
dark,38,22773.0,19440.5,31912.0,24708.5
dark,39,23120.0,19800.5,32496.0,25138.8
dark,40,23370.0,19995.0,32954.0,25439.7
dark,41,23539.0,20167.5,33348.5,25685.0
dark,42,23766.5,20421.0,34009.5,26065.7
dark,43,24069.5,20635.5,34664.0,26456.3
dark,44,24323.0,20876.5,35386.5,26862.0
dark,45,24513.5,21097.0,35880.5,27163.7
dark,46,24727.0,21299.5,36329.0,27451.8
dark,47,24873.5,21423.0,36725.5,27674.0
dark,48,25142.0,21773.5,37156.5,28024.0
dark,49,25415.5,21963.0,37488.0,28288.8
dark,50,25567.5,22163.5,37814.0,28515.0
dark,51,25792.0,22304.5,38117.5,28738.0
dark,52,25837.0,22455.5,38284.5,28859.0
dark,53,25973.0,22661.5,38582.0,29072.2
dark,54,26366.0,22893.5,38993.0,29417.5
dark,55,26331.5,23040.0,39152.5,29508.0
dark,56,26732.0,23257.5,39671.0,29886.8
dark,57,26860.5,23373.5,39793.5,30009.2
dark,58,27090.0,23569.0,40117.5,30258.8
dark,59,27183.0,23709.5,40258.5,30383.7
dark,60,27302.5,23924.0,40620.0,30615.5
dark,61,27393.0,24010.5,40772.5,30725.3
dark,62,27712.0,24268.5,41125.0,31035.2
dark,63,27891.5,24409.5,41404.5,31235.2
dark,64,28073.5,24601.5,41659.5,31444.8
dark,65,28238.0,24772.0,41994.0,31668.0
dark,66,28340.5,24929.5,42171.0,31813.7
dark,67,28355.0,25062.0,42348.5,31921.8
dark,68,28691.0,25271.0,42615.0,32192.3
dark,69,28780.5,25435.0,42839.0,32351.5
dark,70,28847.5,25525.0,43067.0,32479.8
dark,71,29195.5,25750.5,43351.5,32765.8
dark,72,29285.5,25901.5,43576.0,32921.0
dark,73,29443.0,26043.5,43801.5,33096.0
dark,74,29648.5,26188.0,44049.5,33295.3
dark,75,29737.0,26314.0,44192.0,33414.3
dark,76,29869.0,26438.0,44387.5,33564.8
dark,77,29952.0,26525.5,44583.0,33686.8
dark,78,30189.0,26740.0,44789.0,33906.0
dark,79,30177.0,26820.5,45024.5,34007.3
dark,80,30405.0,26979.0,45158.0,34180.7
dark,81,30581.5,27157.0,45357.0,34365.2
dark,82,30583.0,27247.0,45517.5,34449.2
dark,83,30859.5,27433.5,45750.5,34681.2
dark,84,31010.0,27584.0,45934.0,34842.7
dark,85,30877.5,27641.5,46063.0,34860.7
dark,86,31245.5,27828.5,46261.5,35111.8
dark,87,31380.5,27949.5,46426.5,35252.2
dark,88,31503.0,28093.0,46566.0,35387.3
dark,89,31615.5,28240.5,46710.5,35522.2
dark,90,31733.5,28416.5,46898.0,35682.7
dark,91,31747.0,28522.0,47023.5,35764.2
dark,92,31788.0,28677.0,47245.5,35903.5
dark,93,32074.5,28889.5,47385.0,36116.3
dark,94,32229.0,29003.0,47597.0,36276.3
dark,95,32160.5,29102.5,47715.0,36326.0
dark,96,32319.0,29239.5,47897.5,36485.3
dark,97,32522.5,29466.5,48110.5,36699.8
dark,98,32610.0,29566.5,48304.5,36827.0
dark,99,32722.5,29704.5,48504.5,36977.2
dark,100,32793.5,29827.5,48612.0,37077.7
dark,101,32809.5,29979.5,48789.5,37192.8
dark,102,33070.0,30117.0,48956.5,37381.2
dark,103,33145.5,30264.5,49110.5,37506.8
dark,104,33255.5,30373.5,49297.5,37642.2
dark,105,33333.5,30520.0,49449.0,37767.5
dark,106,33408.0,30624.0,49555.5,37862.5
dark,107,33514.5,30737.5,49710.5,37987.5
dark,108,33611.0,30847.5,49848.0,38102.2
dark,109,33739.5,30950.5,50026.0,38238.7
dark,110,33925.0,31144.5,50135.5,38401.7
dark,111,33992.0,31246.5,50293.5,38510.7
dark,112,34041.0,31368.0,50422.0,38610.3
dark,113,34264.0,31455.5,50491.5,38737.0
dark,114,34316.5,31517.5,50625.0,38819.7
dark,115,34502.0,31670.0,50802.5,38991.5
dark,116,34643.0,31762.5,51003.0,39136.2
dark,117,34836.5,31845.5,51077.0,39253.0
dark,118,34783.0,31912.5,51126.5,39274.0
dark,119,34982.0,32023.0,51218.0,39407.7
dark,120,35079.5,32108.5,51363.5,39517.2
dark,121,35119.0,32188.5,51474.5,39594.0
dark,122,35142.5,32312.5,51557.0,39670.7
dark,123,35397.0,32429.0,51700.5,39842.2
dark,124,35468.0,32489.0,51771.5,39909.5
dark,125,35578.0,32556.0,51886.0,40006.7
dark,126,35644.0,32661.5,51942.0,40082.5
dark,127,35669.0,32671.5,51976.0,40105.5
dark,128,35772.0,32756.0,52121.5,40216.5
dark,129,35861.0,32851.5,52188.5,40300.3
dark,130,35959.5,32886.5,52272.0,40372.7
dark,131,36045.0,32981.5,52495.0,40507.2
dark,132,35999.0,32975.0,52411.5,40461.8
dark,133,36223.5,33069.5,52525.5,40606.2
dark,134,36274.0,33142.0,52702.5,40706.2
dark,135,36337.5,33206.0,52641.0,40728.2
dark,136,36425.5,33262.5,52820.0,40836.0
dark,137,36440.5,33316.5,52883.0,40880.0
dark,138,36494.0,33373.0,52948.0,40938.3
dark,139,36664.0,33438.0,52986.5,41029.5
dark,140,36687.0,33505.5,53076.5,41089.7
dark,141,36798.0,33547.0,53119.0,41154.7
dark,142,36895.0,33613.0,53256.5,41254.8
dark,143,36896.5,33646.0,53253.5,41265.3
dark,144,36917.5,33667.0,53358.5,41314.3
dark,145,37100.5,33775.5,53459.0,41445.0
dark,146,37120.0,33856.0,53480.5,41485.5
dark,147,37261.0,33904.5,53603.5,41589.7
dark,148,37353.0,33974.5,53806.0,41711.2
dark,149,37389.0,34027.0,53814.0,41743.3
dark,150,37365.5,33996.0,53880.0,41747.2
dark,151,37482.5,34123.5,53991.5,41865.8
dark,152,37475.0,34174.5,54176.5,41942.0
dark,153,37621.5,34262.0,54285.5,42056.3
dark,154,37613.5,34288.5,54372.5,42091.5
dark,155,37769.0,34370.0,54380.0,42173.0
dark,156,37709.5,34438.5,54540.0,42229.3
dark,157,37740.0,34452.0,54598.0,42263.3
dark,158,37771.5,34500.0,54701.5,42324.3
dark,159,37836.5,34548.0,54777.5,42387.3
dark,160,37842.5,34655.5,54867.5,42455.2
dark,161,37949.0,34735.5,54953.0,42545.8
dark,162,37950.0,34740.0,55038.5,42576.2
dark,163,38071.5,34832.5,55170.0,42691.3
dark,164,38048.5,34841.5,55201.0,42697.0
dark,165,38101.0,34911.5,55239.5,42750.7
dark,166,38114.0,34930.0,55269.5,42771.2
dark,167,38195.5,35026.0,55326.5,42849.3
dark,168,38275.0,35075.0,55478.0,42942.7
dark,169,38330.5,35114.0,55528.0,42990.8
dark,170,38375.0,35164.5,55609.0,43049.5
dark,171,38451.0,35214.5,55687.5,43117.7
dark,172,38501.0,35255.5,55761.0,43172.5
dark,173,38525.5,35282.0,55810.0,43205.8
dark,174,38571.5,35343.5,55910.0,43275.0
dark,175,38697.0,35437.0,56038.0,43390.7
dark,176,38740.0,35482.0,56066.0,43429.3
dark,177,38735.0,35499.5,56146.5,43460.3
dark,178,38862.0,35589.0,56287.0,43579.3
dark,179,38899.5,35619.5,56344.0,43621.0
dark,180,38958.5,35688.0,56450.5,43699.0
dark,181,38969.5,35690.5,56373.0,43677.7
dark,182,39020.5,35725.5,56542.0,43762.7
dark,183,39058.0,35798.5,56647.0,43834.5
dark,184,39169.0,35866.5,56747.0,43927.5
dark,185,39217.0,35927.5,56814.0,43986.2
dark,186,39330.5,35988.0,56877.5,44065.3
dark,187,39429.0,36054.5,57000.5,44161.3
dark,188,39392.5,36079.5,57082.0,44184.7
dark,189,39520.0,36122.5,57105.5,44249.3
dark,190,39555.5,36163.0,57148.0,44288.8
dark,191,39617.5,36216.5,57233.0,44355.7
dark,192,39570.0,36266.0,57304.0,44380.0
dark,193,39589.0,36322.0,57287.5,44399.5
dark,194,39717.0,36381.5,57380.0,44492.8
dark,195,39989.0,36459.0,57500.5,44649.5
dark,196,39821.5,36499.0,57564.0,44628.2
dark,197,39889.5,36544.5,57600.0,44678.0
dark,198,39899.0,36594.0,57686.0,44726.3
dark,199,39966.5,36659.5,57750.0,44792.0
dark,200,39884.5,36675.0,57694.5,44751.3
dark,201,40113.5,36736.0,57723.5,44857.7
dark,202,39977.0,36775.0,57801.5,44851.2
dark,203,40020.5,36819.5,57849.5,44896.5
dark,204,40097.0,36866.0,57863.0,44942.0
dark,205,39987.5,36906.5,57939.5,44944.5
dark,206,40008.0,36948.0,57987.0,44981.0
dark,207,40126.0,36996.5,58000.5,45041.0
dark,208,40114.5,37015.5,58020.5,45050.2
dark,209,40231.0,37091.0,58141.5,45154.5
dark,210,40106.5,37122.5,58117.5,45115.5
dark,211,40291.5,37219.5,58217.0,45242.7
dark,212,40284.0,37223.0,58213.5,45240.2
dark,213,40258.0,37232.0,58212.0,45234.0
dark,214,40343.5,37314.0,58333.5,45330.3
dark,215,40320.0,37363.0,58400.0,45361.0
dark,216,40337.5,37376.0,58302.0,45338.5
dark,217,40424.0,37419.5,58383.5,45409.0
dark,218,40409.5,37490.0,58454.0,45451.2
dark,219,40433.0,37503.0,58458.5,45464.8
dark,220,40626.0,37611.5,58573.0,45603.5
dark,221,40616.5,37648.5,58613.0,45626.0
dark,222,40577.0,37686.0,58665.5,45642.8
dark,223,40595.5,37739.0,58694.0,45676.2
dark,224,40693.0,37761.5,58705.5,45720.0
dark,225,40668.0,37818.5,58776.0,45754.2
dark,226,40659.0,37811.0,58744.0,45738.0
dark,227,40682.5,37837.0,58763.0,45760.8
dark,228,40659.0,37843.0,58819.0,45773.7
dark,229,40731.0,37905.5,58817.0,45817.8
dark,230,40635.5,37844.5,58774.0,45751.3
dark,231,40674.5,37878.5,58862.5,45805.2
dark,232,40702.0,37905.0,58841.5,45816.2
dark,233,40698.0,37955.5,58910.0,45854.5
dark,234,40749.5,37994.5,58927.0,45890.3
dark,235,40812.5,38057.5,58962.5,45944.2
dark,236,40810.0,38095.0,59030.0,45978.3
dark,237,40864.0,38111.0,59048.5,46007.8
dark,238,40897.5,38147.0,59028.0,46024.2
dark,239,40880.5,38168.0,59054.0,46034.2
dark,240,40890.5,38228.5,59104.5,46074.5
dark,241,40884.0,38217.0,59096.0,46065.7
dark,242,41009.5,38302.0,59173.5,46161.7
dark,243,41030.0,38336.5,59236.5,46201.0
dark,244,41114.0,38402.5,59285.5,46267.3
dark,245,41085.5,38432.5,59310.0,46276.0
dark,246,41086.0,38457.0,59315.0,46286.0
dark,247,41215.5,38543.0,59428.5,46395.7
dark,248,41139.0,38508.5,59372.0,46339.8
dark,249,41272.0,38599.0,59487.5,46452.8
dark,250,41311.0,38646.0,59493.5,46483.5
dark,251,41323.0,38699.0,59552.0,46524.7
dark,252,41397.5,38768.0,59633.5,46599.7
dark,253,41458.0,38773.5,59668.5,46633.3
dark,254,41468.5,38807.5,59687.0,46654.3
dark,255,41414.5,38813.5,59657.0,46628.3
macro,0,0.0,0.0,0.0,0.0
macro,1,0.0,0.0,0.0,0.0
macro,2,5873.0,5151.0,6747.0,5923.7
macro,3,8030.0,6714.5,8576.0,7773.5
macro,4,9184.0,7646.0,10044.5,8958.2
macro,5,10139.0,8379.5,11395.5,9971.3
macro,6,11034.5,9038.5,12656.5,10909.8
macro,7,11805.0,9621.5,13834.5,11753.7
macro,8,12700.0,10282.5,15080.5,12687.7
macro,9,13447.5,10862.5,16208.0,13506.0
macro,10,14193.5,11411.0,17301.0,14301.8
macro,11,14891.0,11959.0,18379.0,15076.3
macro,12,15615.0,12515.0,19430.5,15853.5
macro,13,16274.0,12986.5,20390.0,16550.2
macro,14,16975.0,13542.5,21416.0,17311.2
macro,15,17566.5,14029.0,22329.5,17975.0
macro,16,18212.5,14503.5,23174.5,18630.2
macro,17,18878.5,15040.5,24122.0,19347.0
macro,18,19399.5,15478.5,24875.0,19917.7
macro,19,19922.5,16108.5,25623.5,20551.5
macro,20,20575.0,16615.5,26494.5,21228.3
macro,21,21196.5,17125.5,27266.0,21862.7
macro,22,21809.0,17615.5,27998.5,22474.3
macro,23,22385.0,18088.0,28658.0,23043.7
macro,24,23019.5,18578.0,29301.5,23633.0
macro,25,23571.0,19009.5,29966.5,24182.3
macro,26,24161.0,19491.0,30545.5,24732.5
macro,27,24690.5,19944.5,31170.0,25268.3
macro,28,25213.0,20343.5,31749.5,25768.7
macro,29,25754.0,20773.5,32269.5,26265.7
macro,30,26252.5,21170.5,32821.5,26748.2
macro,31,26723.5,21582.0,33417.5,27241.0
macro,32,27220.5,21978.5,33943.0,27714.0
