led_index,byte,lin_mean
0,0,0.0
0,1,0.0
0,2,6050.3
0,3,8424.3
0,4,9786.3
0,5,10898.3
0,6,11888.0
0,7,12744.0
0,8,13708.7
0,9,14572.7
0,10,15411.0
0,11,16210.7
0,12,17041.3
0,13,17781.0
0,14,18596.3
0,15,19340.0
0,16,19995.3
0,17,20779.0
0,18,21401.7
0,19,21921.3
0,20,22644.3
0,21,23349.3
0,22,23894.7
0,23,24424.3
0,24,24913.7
0,25,25493.7
0,26,25985.3
0,27,26531.0
0,28,27052.7
0,29,27506.0
0,30,27955.0
0,31,28506.3
0,32,28933.2
1,0,0.0
1,1,0.0
1,2,11776.0
1,3,13888.3
1,4,15245.7
1,5,16447.3
1,6,17516.0
1,7,18602.0
1,8,19505.7
1,9,20462.3
1,10,21346.3
1,11,22238.3
1,12,23005.7
1,13,23834.7
1,14,24595.3
1,15,25375.0
1,16,26055.3
1,17,26657.7
1,18,27290.7
1,19,28082.7
1,20,28657.3
1,21,29146.3
1,22,29816.3
1,23,30437.0
1,24,31077.7
1,25,31593.3
1,26,32111.7
1,27,32519.7
1,28,32962.3
1,29,33452.0
1,30,33945.0
1,31,34317.3
1,32,34697.8
2,0,0.0
2,1,0.0
2,2,8544.5
2,3,9783.7
2,4,10563.5
2,5,11293.7
2,6,12001.8
2,7,12694.8
2,8,13346.8
2,9,14066.7
2,10,14752.8
2,11,15409.2
2,12,16066.3
2,13,16693.0
2,14,17315.8
2,15,17929.7
2,16,18448.7
2,17,19027.0
2,18,19498.0
2,19,20158.8
2,20,20690.5
2,21,21248.5
2,22,21714.2
2,23,22206.2
2,24,22705.7
2,25,23156.7
2,26,23629.3
2,27,24075.8
2,28,24562.2
2,29,24974.8
2,30,25385.5
2,31,25811.2
2,32,26184.5
3,0,0.0
3,1,0.0
3,2,5922.5
3,3,7836.7
3,4,9239.8
3,5,10525.2
3,6,11677.2
3,7,12836.8
3,8,13932.8
3,9,14990.0
3,10,15998.7
3,11,16946.5
3,12,17829.3
3,13,18702.2
3,14,19567.5
3,15,20401.0
3,16,21159.0
3,17,21954.7
3,18,22617.3
3,19,23390.8
3,20,24082.2
3,21,24733.3
3,22,25386.5
3,23,25988.8
3,24,26632.0
3,25,27217.7
3,26,27789.8
3,27,28363.0
3,28,28855.7
3,29,29401.2
3,30,29902.5
3,31,30359.2
3,32,30886.8
4,0,0.0
4,1,0.0
4,2,7799.5
4,3,9135.2
4,4,10119.0
4,5,11020.7
4,6,11862.2
4,7,12685.5
4,8,13475.8
4,9,14317.3
4,10,15126.0
4,11,15884.3
4,12,16653.7
4,13,17394.3
4,14,18090.2
4,15,18789.8
4,16,19411.3
4,17,20102.0
4,18,20617.2
4,19,21354.2
4,20,21906.2
4,21,22492.5
4,22,23060.2
4,23,23622.5
4,24,24163.7
4,25,24703.0
4,26,25228.7
4,27,25731.2
4,28,26235.3
4,29,26672.8
4,30,27140.7
4,31,27610.5
4,32,28035.8
5,0,0.0
5,1,0.0
5,2,3339.3
5,3,4332.5
5,4,5131.5
5,5,5857.2
5,6,6559.3
5,7,7260.7
5,8,7995.7
5,9,8670.8
5,10,9323.0
5,11,9971.5
5,12,10611.8
5,13,11213.3
5,14,11827.5
5,15,12396.8
5,16,12989.7
5,17,13557.3
5,18,14108.5
5,19,14674.3
5,20,15240.7
5,21,15742.0
5,22,16275.5
5,23,16766.5
5,24,17299.5
5,25,17766.2
5,26,18211.8
5,27,18661.2
5,28,19079.8
5,29,19513.3
5,30,19942.7
5,31,20324.2
5,32,20749.0
6,0,0.0
6,1,0.0
6,2,7436.0
6,3,8959.7
6,4,9918.5
6,5,10834.7
6,6,11762.2
6,7,12691.7
6,8,13553.7
6,9,14409.8
6,10,15237.8
6,11,16055.3
6,12,16860.7
6,13,17592.0
6,14,18289.0
6,15,19005.3
6,16,19833.0
6,17,20548.0
6,18,21231.2
6,19,21917.0
6,20,22579.7
6,21,23224.7
6,22,23874.2
6,23,24482.0
6,24,25073.7
6,25,25584.2
6,26,26154.2
6,27,26654.8
6,28,27193.8
6,29,27686.2
6,30,28168.5
6,31,28662.0
6,32,29133.3
