byte,y_2ms_iso200,y_5ms_iso800,y_15ms_iso3200,light,exposure_used,light_norm,norm_2ms,norm_5ms,norm_15ms,agree_ratio
0,1.075,0.846,2.014,,15ms/iso3200,,,,,
1,1.919,0.818,2.007,,15ms/iso3200,,0.0906255,,,
2,2.311,1.364,3.213,3.03316e-06,15ms/iso3200,0.000572929,0.132738,,0.000572929,
3,2.506,1.673,7.172,1.30464e-05,15ms/iso3200,0.00246431,0.153683,0.00537158,0.00246431,2.180
4,2.196,1.879,14.131,3.19114e-05,15ms/iso3200,0.00602769,0.120342,0.00671549,0.0060277,1.114
5,2.196,2.018,21.6,5.99956e-05,15ms/iso3200,0.0113325,0.120364,0.00761911,0.0113325,0.672
6,2.742,2.172,28.691,9.55371e-05,15ms/iso3200,0.0180459,0.178991,0.00862162,0.0180458,0.478
7,2.791,2.318,34.624,0.000132402,15ms/iso3200,0.0250092,0.184317,0.00956859,0.0250093,0.383
8,2.837,2.5,39.903,0.000170972,15ms/iso3200,0.0322946,0.189239,0.0107526,0.0322946,0.333
9,2.883,2.663,44.859,0.000212327,15ms/iso3200,0.0401061,0.194162,0.0118148,0.040106,0.295
10,2.456,2.871,49.252,0.000253313,15ms/iso3200,0.0478479,0.148268,0.0131682,0.0478478,0.275
11,2.506,3.15,53.529,0.000297231,15ms/iso3200,0.0561435,0.153683,0.0149822,0.0561435,0.267
12,2.545,3.607,57.968,0.000347121,15ms/iso3200,0.0655671,0.1578,0.0179518,0.0655672,0.274
13,2.598,3.984,62.323,0.000400439,15ms/iso3200,0.0756383,0.163506,0.0204025,0.0756383,0.270
14,3.079,4.591,65.895,0.000447485,15ms/iso3200,0.0845247,0.215174,0.0243516,0.0845247,0.288
15,2.674,5.102,69.569,0.000499022,15ms/iso3200,0.0942595,0.171718,0.0276748,0.0942594,0.294
16,3.078,5.684,73.09,0.000551497,15ms/iso3200,0.104171,0.21504,0.0314586,0.104171,0.302
17,2.723,6.291,76.539,0.000605861,15ms/iso3200,0.11444,0.176999,0.035405,0.11444,0.309
18,3.054,6.946,79.883,0.000661415,15ms/iso3200,0.124934,0.212556,0.0396671,0.124934,0.318
19,3.112,7.603,83.21,0.000719496,15ms/iso3200,0.135904,0.218754,0.0439372,0.135905,0.323
20,3.059,8.153,86.031,0.000770982,15ms/iso3200,0.14563,0.213003,0.0475151,0.14563,0.326
21,3.139,8.731,89.151,0.000830327,15ms/iso3200,0.156839,0.221641,0.0512745,0.156839,0.327
22,3.101,9.236,91.502,0.000876754,15ms/iso3200,0.165609,0.217613,0.0545544,0.165609,0.329
23,3.076,9.703,94.065,0.000929019,15ms/iso3200,0.175481,0.214905,0.057589,0.175481,0.328
24,2.838,10.299,96.428,0.000978793,15ms/iso3200,0.184883,0.189329,0.0614663,0.184883,0.332
25,3.104,10.844,98.838,0.00103109,15ms/iso3200,0.194761,0.217859,0.0651239,0.194761,0.334
26,3.121,11.332,101.032,0.00108011,15ms/iso3200,0.20402,0.219672,0.0684939,0.204021,0.336
27,3.151,12.022,103.305,0.00113226,15ms/iso3200,0.213871,0.222939,0.0734221,0.21387,0.343
28,2.883,12.618,105.195,0.00117672,15ms/iso3200,0.222269,0.194185,0.0778279,0.222269,0.350
29,2.797,12.974,107.744,0.00123829,15ms/iso3200,0.233899,0.184965,0.0805256,0.233899,0.344
30,2.895,13.35,109.697,0.00128669,15ms/iso3200,0.243041,0.19546,0.0834228,0.243041,0.343
31,2.855,13.951,112.102,0.00134777,15ms/iso3200,0.254578,0.191119,0.0881878,0.254578,0.346
32,3.193,14.299,113.704,0.00138939,15ms/iso3200,0.26244,0.227481,0.0910017,0.26244,0.347
33,3.213,14.912,115.895,0.00144748,15ms/iso3200,0.273412,0.229562,0.0960952,0.273411,0.351
34,3.22,15.393,117.659,0.00149525,15ms/iso3200,0.282435,0.230323,0.100192,0.282436,0.355
35,2.877,15.92,119.284,0.0015401,15ms/iso3200,0.290907,0.193513,0.104793,0.290906,0.360
36,2.821,16.488,120.959,0.00158708,15ms/iso3200,0.299781,0.187539,0.109884,0.299782,0.367
37,3.296,17.038,122.503,0.00163115,15ms/iso3200,0.308105,0.238513,0.114941,0.308105,0.373
38,3.282,17.59,124.011,0.00167486,15ms/iso3200,0.316362,0.236991,0.12014,0.316362,0.380
39,3.255,18.074,125.767,0.00172663,15ms/iso3200,0.32614,0.234105,0.12481,0.32614,0.383
40,3.326,18.46,127.158,0.00176826,15ms/iso3200,0.334004,0.241735,0.128595,0.334005,0.385
41,2.871,19.04,128.49,0.00180866,15ms/iso3200,0.341635,0.192842,0.134419,0.341635,0.393
42,2.959,19.168,129.745,0.00184724,15ms/iso3200,0.348922,0.202263,0.135722,0.348922,0.389
43,3.278,19.852,130.855,0.00188174,15ms/iso3200,0.355439,0.236544,0.142807,0.355439,0.402
44,3.361,20.178,131.846,0.00191286,15ms/iso3200,0.361317,0.245472,0.146258,0.361318,0.405
45,3.324,20.78,133.321,0.00195976,15ms/iso3200,0.370176,0.241534,0.152742,0.370176,0.413
46,2.913,20.978,134.095,0.00198463,15ms/iso3200,0.374874,0.197362,0.15491,0.374873,0.413
47,2.901,21.363,135.326,0.00202455,15ms/iso3200,0.382414,0.196087,0.159175,0.382413,0.416
48,3.414,21.94,136.335,0.00205761,15ms/iso3200,0.388659,0.251133,0.165699,0.388658,0.426
49,3.454,22.419,137.436,0.00209404,15ms/iso3200,0.39554,0.255452,0.17122,0.39554,0.433
50,2.988,22.957,138.702,0.00213639,15ms/iso3200,0.403539,0.205395,0.177545,0.403539,0.440
51,3.458,23.315,139.522,0.00216409,15ms/iso3200,0.408772,0.255855,0.181828,0.408771,0.445
52,3.495,23.54,140.461,0.00219607,15ms/iso3200,0.414812,0.25986,0.184556,0.414813,0.445
53,3.522,24.128,141.466,0.00223058,15ms/iso3200,0.421331,0.262836,0.191774,0.421331,0.455
54,3.575,24.684,142.478,0.00226567,15ms/iso3200,0.427959,0.26852,0.198736,0.427958,0.464
55,3.571,24.865,143.502,0.00230148,15ms/iso3200,0.434723,0.268005,0.201044,0.434723,0.462
56,3.121,25.223,144.375,0.00233228,15ms/iso3200,0.440541,0.219672,0.205631,0.440541,0.467
57,3.644,25.548,144.736,0.00234508,15ms/iso3200,0.442959,0.275927,0.209851,0.442959,0.474
58,3.65,26.086,145.6,0.00237589,15ms/iso3200,0.448778,0.276508,0.216941,0.448777,0.483
59,3.702,26.504,146.69,0.00241512,15ms/iso3200,0.456188,0.282147,0.222547,0.456189,0.488
60,3.196,26.921,147.644,0.00244974,15ms/iso3200,0.462728,0.227817,0.228217,0.462727,0.493
61,3.208,27.421,148.59,0.00248435,15ms/iso3200,0.469265,0.229003,0.235137,0.469266,0.501
62,3.766,27.577,149.2,0.00250683,15ms/iso3200,0.473511,0.288972,0.237314,0.47351,0.501
63,3.839,27.942,149.842,0.0025306,15ms/iso3200,0.478001,0.296782,0.242459,0.478001,0.507
64,3.848,28.192,150.628,0.00255987,15ms/iso3200,0.48353,0.297811,0.246013,0.48353,0.509
65,3.34,28.612,151.325,0.00258602,15ms/iso3200,0.488469,0.243257,0.25206,0.488469,0.516
66,3.344,29.003,152.367,0.00262537,15ms/iso3200,0.495902,0.243682,0.257769,0.495902,0.520
67,3.366,29.651,153.456,0.00266688,15ms/iso3200,0.503743,0.246054,0.267387,0.503743,0.531
68,3.999,29.98,154.213,0.00269595,15ms/iso3200,0.509234,0.313967,0.272336,0.509234,0.535
69,4.072,30.358,154.745,0.00271651,15ms/iso3200,0.513117,0.321866,0.27811,0.513117,0.542
70,4.085,30.41,155.388,0.00274146,15ms/iso3200,0.51783,0.323276,0.2789,0.51783,0.539
71,4.17,31.042,156.266,0.00277573,15ms/iso3200,0.524303,0.332428,0.288703,0.524304,0.551
72,3.526,31.297,157.016,0.00280525,15ms/iso3200,0.529879,0.263194,0.292714,0.529879,0.552
73,3.587,31.633,157.687,0.00283176,15ms/iso3200,0.534887,0.269728,0.298055,0.534887,0.557
74,3.594,31.923,158.408,0.00286043,15ms/iso3200,0.540302,0.270489,0.302703,0.540303,0.560
75,3.625,32.274,159.205,0.00289234,15ms/iso3200,0.54633,0.273823,0.308378,0.54633,0.564
76,4.343,32.687,159.466,0.00290282,15ms/iso3200,0.548309,0.350911,0.315149,0.548309,0.575
77,4.378,32.607,160.378,0.00293964,15ms/iso3200,0.555264,0.35476,0.313825,0.555264,0.565
78,4.475,33.305,161.139,0.00297059,15ms/iso3200,0.56111,0.365165,0.325413,0.561109,0.580
79,4.51,33.543,161.915,0.00300231,15ms/iso3200,0.567102,0.368857,0.329422,0.567101,0.581
80,4.524,33.484,162.5,0.00302635,15ms/iso3200,0.571643,0.370356,0.328427,0.571643,0.575
81,4.592,34.112,163.107,0.00305145,15ms/iso3200,0.576384,0.377718,0.339128,0.576384,0.588
82,4.66,34.17,163.357,0.00306181,15ms/iso3200,0.578341,0.385035,0.340124,0.57834,0.588
83,4.659,34.644,164.429,0.00310647,15ms/iso3200,0.586776,0.384923,0.348327,0.586777,0.594
84,3.936,35.021,165.147,0.0031366,15ms/iso3200,0.592468,0.307299,0.354957,0.592467,0.599
85,3.972,35.257,165.753,0.00316218,15ms/iso3200,0.597299,0.31108,0.35912,0.5973,0.601
86,4.842,35.664,166.019,0.00317341,15ms/iso3200,0.59942,0.404592,0.366387,0.59942,0.611
87,4.87,35.4,166.606,0.00319835,15ms/iso3200,0.604131,0.407591,0.361663,0.604131,0.599
88,4.876,35.822,167.202,0.00322379,15ms/iso3200,0.608937,0.408173,0.369244,0.608936,0.606
89,4.086,36.38,168.171,0.00326536,15ms/iso3200,0.616789,0.323365,0.379382,0.616788,0.615
90,4.151,36.379,168.402,0.00327533,15ms/iso3200,0.618672,0.330302,0.379363,0.618671,0.613
91,5.049,36.552,168.738,0.00328983,15ms/iso3200,0.621411,0.426835,0.382547,0.621411,0.616
92,5.088,37.129,169.447,0.0033206,15ms/iso3200,0.627223,0.431019,0.393247,0.627222,0.627
93,5.135,37.237,169.578,0.0033263,15ms/iso3200,0.6283,0.435987,0.395273,0.6283,0.629
94,4.279,37.593,170.577,0.00337,15ms/iso3200,0.636554,0.344108,0.40199,0.636553,0.632
95,5.199,37.861,171.209,0.00339778,15ms/iso3200,0.641801,0.442856,0.407097,0.641801,0.634
96,5.266,37.726,171.16,0.00339563,15ms/iso3200,0.641395,0.450151,0.404509,0.641395,0.631
97,5.275,38.032,171.971,0.00343149,15ms/iso3200,0.648169,0.451069,0.410356,0.648169,0.633
98,5.263,38.454,172.292,0.00344575,15ms/iso3200,0.650862,0.449726,0.418491,0.650862,0.643
99,4.414,38.41,173.036,0.00347889,15ms/iso3200,0.657122,0.358541,0.417647,0.657122,0.636
100,4.503,39.075,173.376,0.00349409,15ms/iso3200,0.659993,0.368118,0.430633,0.659993,0.652
101,5.472,39.224,173.683,0.00350786,15ms/iso3200,0.662594,0.472237,0.433587,0.662594,0.654
102,4.531,39.37,174.134,0.00352818,15ms/iso3200,0.666432,0.371117,0.436475,0.666432,0.655
103,4.54,39.631,174.144,0.00352862,15ms/iso3200,0.666516,0.372124,0.44167,0.666515,0.663
104,4.57,39.911,174.778,0.00355727,15ms/iso3200,0.671927,0.375324,0.4473,0.671927,0.666
105,5.571,40.057,174.985,0.00356666,15ms/iso3200,0.673701,0.482866,0.450248,0.673702,0.668
106,5.67,40.233,175.762,0.00360197,15ms/iso3200,0.680371,0.493517,0.453808,0.680371,0.667
107,5.607,40.582,176.091,0.00361699,15ms/iso3200,0.683208,0.486715,0.460942,0.683208,0.675
108,5.725,40.747,176.552,0.00363812,15ms/iso3200,0.687199,0.499402,0.464332,0.687199,0.676
109,4.729,40.95,177.042,0.00366063,15ms/iso3200,0.691451,0.392464,0.468516,0.691451,0.678
110,5.816,41.136,177.162,0.00366618,15ms/iso3200,0.692499,0.509181,0.472366,0.692499,0.682
111,5.878,41.298,177.526,0.00368298,15ms/iso3200,0.695672,0.515827,0.475743,0.695671,0.684
112,5.987,41.463,177.577,0.00368533,15ms/iso3200,0.696116,0.527574,0.479204,0.696115,0.688
113,6.012,41.685,178.431,0.00372491,15ms/iso3200,0.703592,0.530237,0.483864,0.703593,0.688
114,4.943,41.701,178.193,0.00371387,15ms/iso3200,0.701507,0.415423,0.484203,0.701506,0.690
115,5.967,41.667,178.705,0.0037377,15ms/iso3200,0.706008,0.525426,0.483487,0.706008,0.685
116,6.151,41.946,178.986,0.00375082,15ms/iso3200,0.708487,0.545163,0.48939,0.708487,0.691
117,6.209,42.594,179.57,0.00377812,15ms/iso3200,0.713643,0.551361,0.503251,0.713643,0.705
118,6.256,42.568,180.367,0.00381563,15ms/iso3200,0.720728,0.556418,0.50269,0.720729,0.697
119,5.121,43.112,180.934,0.00384243,15ms/iso3200,0.725791,0.434577,0.514501,0.72579,0.709
120,5.209,43.295,181.341,0.00386171,15ms/iso3200,0.729432,0.443998,0.518496,0.729432,0.711
121,6.311,43.134,181.456,0.0038672,15ms/iso3200,0.730469,0.562325,0.514974,0.73047,0.705
122,6.382,43.714,181.918,0.0038892,15ms/iso3200,0.734625,0.569956,0.527749,0.734624,0.718
123,6.58,43.457,181.851,0.00388602,15ms/iso3200,0.734024,0.591191,0.522064,0.734024,0.711
124,6.631,44.031,182.475,0.0039158,15ms/iso3200,0.739649,0.596741,0.53479,0.73965,0.723
125,5.412,44.156,182.739,0.00392849,15ms/iso3200,0.742046,0.465793,0.537582,0.742045,0.724
126,6.464,44.367,182.805,0.00393161,15ms/iso3200,0.742636,0.57875,0.54234,0.742636,0.730
127,6.619,44.572,183.3,0.00395542,15ms/iso3200,0.747133,0.595421,0.546958,0.747132,0.732
128,6.644,44.742,183.512,0.00396568,15ms/iso3200,0.749071,0.598083,0.550818,0.749071,0.735
129,6.757,44.9,183.805,0.00397982,15ms/iso3200,0.751742,0.610211,0.554412,0.751741,0.738
130,5.562,45.11,183.98,0.00398825,15ms/iso3200,0.753334,0.481948,0.559199,0.753334,0.742
131,6.857,45.2,184.312,0.00400434,15ms/iso3200,0.756374,0.620952,0.561264,0.756374,0.742
132,5.586,45.156,184.554,0.00401609,15ms/iso3200,0.758593,0.484455,0.560264,0.758593,0.739
133,6.942,45.333,184.41,0.00400914,15ms/iso3200,0.75728,0.630171,0.564321,0.757279,0.745
134,6.81,45.571,184.91,0.00403341,15ms/iso3200,0.761865,0.615895,0.569833,0.761865,0.748
135,5.613,45.55,185.457,0.00406014,15ms/iso3200,0.766914,0.487341,0.569345,0.766914,0.742
136,5.696,45.549,185.262,0.00405062,15ms/iso3200,0.765115,0.496247,0.569311,0.765115,0.744
137,7.04,46.123,185.88,0.00408088,15ms/iso3200,0.770831,0.640666,0.582712,0.77083,0.756
138,6.968,46.427,186.386,0.00410573,15ms/iso3200,0.775525,0.632946,0.589871,0.775526,0.761
139,7.11,46.542,186.428,0.00410779,15ms/iso3200,0.775914,0.648162,0.592593,0.775913,0.764
140,7.249,46.772,186.672,0.00411983,15ms/iso3200,0.778188,0.663043,0.598044,0.778188,0.769
141,7.041,47.049,187.059,0.00413895,15ms/iso3200,0.7818,0.640756,0.604682,0.7818,0.773
142,5.973,47.017,187.114,0.00414167,15ms/iso3200,0.782314,0.526008,0.603903,0.782313,0.772
143,6.04,47.324,187.761,0.00417374,15ms/iso3200,0.788371,0.533191,0.611286,0.788371,0.775
144,7.314,46.976,187.627,0.00416708,15ms/iso3200,0.787113,0.670091,0.602925,0.787114,0.766
145,7.307,47.599,188.023,0.00418677,15ms/iso3200,0.790832,0.669308,0.617948,0.790832,0.781
146,6.13,47.74,188.294,0.00420029,15ms/iso3200,0.793386,0.542925,0.621378,0.793385,0.783
147,6.067,47.87,188.608,0.00421595,15ms/iso3200,0.796344,0.5361,0.624549,0.796345,0.784
148,7.401,48.128,188.49,0.00421004,15ms/iso3200,0.795228,0.679422,0.630858,0.795228,0.793
149,7.503,48.453,189.055,0.00423835,15ms/iso3200,0.800575,0.690342,0.638884,0.800575,0.798
150,7.492,48.256,189.031,0.00423715,15ms/iso3200,0.800349,0.689156,0.634027,0.800348,0.792
151,7.548,48.722,189.646,0.00426805,15ms/iso3200,0.806185,0.695176,0.645562,0.806185,0.801
152,6.183,48.814,189.908,0.00428123,15ms/iso3200,0.808675,0.548631,0.647841,0.808674,0.801
153,6.383,48.932,190.211,0.00429653,15ms/iso3200,0.811565,0.570045,0.650793,0.811564,0.802
154,7.535,49.202,190.469,0.00430957,15ms/iso3200,0.814028,0.693766,0.657579,0.814028,0.808
155,7.812,48.953,190.577,0.00431506,15ms/iso3200,0.815065,0.723527,0.65132,0.815065,0.799
156,6.471,49.44,190.85,0.00432893,15ms/iso3200,0.817685,0.579488,0.663572,0.817684,0.812
157,6.413,49.609,191.202,0.00434679,15ms/iso3200,0.821058,0.573268,0.667871,0.821058,0.813
158,7.701,49.284,191.074,0.00434032,15ms/iso3200,0.819836,0.711645,0.659636,0.819835,0.805
159,7.788,49.987,191.622,0.00436823,15ms/iso3200,0.825108,0.720976,0.677514,0.825108,0.821
160,7.808,50.115,191.425,0.00435818,15ms/iso3200,0.82321,0.723124,0.680795,0.823209,0.827
161,6.58,49.933,191.975,0.00438625,15ms/iso3200,0.828512,0.591236,0.676117,0.828512,0.816
162,6.596,50.467,192.089,0.00439206,15ms/iso3200,0.829609,0.593004,0.689855,0.82961,0.832
163,7.988,50.245,192.351,0.00440553,15ms/iso3200,0.832154,0.742435,0.684132,0.832153,0.822
164,7.874,50.836,192.714,0.00442415,15ms/iso3200,0.835671,0.730195,0.699441,0.835671,0.837
165,7.853,50.948,192.985,0.00443812,15ms/iso3200,0.83831,0.727957,0.702368,0.83831,0.838
166,6.581,51.14,193.208,0.00444961,15ms/iso3200,0.84048,0.591348,0.707401,0.840479,0.842
167,6.574,50.891,193.165,0.0044474,15ms/iso3200,0.840062,0.59061,0.700882,0.840063,0.834
168,6.751,51.331,193.396,0.00445933,15ms/iso3200,0.842316,0.609563,0.712444,0.842315,0.846
169,8.225,51.418,193.402,0.00445963,15ms/iso3200,0.842373,0.767922,0.71472,0.842372,0.848
170,8.19,51.214,193.711,0.00447557,15ms/iso3200,0.845383,0.764163,0.709339,0.845384,0.839
171,6.746,51.719,194.106,0.00449608,15ms/iso3200,0.849258,0.60907,0.722708,0.849257,0.851
172,6.826,51.858,194.467,0.00451483,15ms/iso3200,0.852799,0.617618,0.726402,0.852799,0.852
173,8.347,52.392,194.901,0.00453744,15ms/iso3200,0.85707,0.781013,0.74073,0.85707,0.864
174,8.371,52.411,194.954,0.00454022,15ms/iso3200,0.857595,0.783563,0.741247,0.857594,0.864
175,6.918,52.524,195.291,0.00455784,15ms/iso3200,0.860923,0.627531,0.744297,0.860924,0.865
176,7.024,52.939,195.41,0.00456405,15ms/iso3200,0.862096,0.638921,0.75555,0.862096,0.876
177,8.343,52.434,195.519,0.00456974,15ms/iso3200,0.863171,0.780587,0.741865,0.863171,0.859
178,8.439,53.013,195.433,0.00456526,15ms/iso3200,0.862325,0.790948,0.757575,0.862324,0.879
179,8.537,52.776,195.804,0.0045847,15ms/iso3200,0.865997,0.801487,0.751114,0.865997,0.867
180,7.067,53.138,195.89,0.00458924,15ms/iso3200,0.866854,0.64353,0.760989,0.866855,0.878
181,7.162,52.888,196.13,0.00460182,15ms/iso3200,0.869231,0.653801,0.75417,0.869229,0.868
182,8.533,52.928,196.214,0.00460624,15ms/iso3200,0.870066,0.800995,0.755244,0.870066,0.868
183,8.57,53.494,196.651,0.0046293,15ms/iso3200,0.874421,0.804978,0.770771,0.874421,0.881
184,8.696,53.576,196.797,0.004637,15ms/iso3200,0.875876,0.818561,0.773049,0.875876,0.883
185,7.22,53.289,196.743,0.00463414,15ms/iso3200,0.875336,0.660022,0.765144,0.875335,0.874
186,8.496,53.803,196.99,0.00464719,15ms/iso3200,0.877801,0.797057,0.779329,0.8778,0.888
187,8.782,53.857,197.036,0.00464963,15ms/iso3200,0.878261,0.82778,0.780846,0.878261,0.889
188,8.651,54.093,197.525,0.00467555,15ms/iso3200,0.883157,0.813727,0.787419,0.883157,0.892
189,7.289,54.169,197.669,0.00468322,15ms/iso3200,0.884606,0.667361,0.789545,0.884606,0.893
190,7.251,54.384,198.076,0.00470486,15ms/iso3200,0.888694,0.663311,0.795562,0.888694,0.895
191,8.66,54.469,198.152,0.00470895,15ms/iso3200,0.889466,0.814689,0.797953,0.889466,0.897
192,8.722,54.65,198.385,0.00472135,15ms/iso3200,0.891808,0.821313,0.803065,0.891808,0.900
193,7.442,54.741,198.623,0.00473408,15ms/iso3200,0.894213,0.683786,0.805628,0.894214,0.901
194,8.848,54.504,198.439,0.00472426,15ms/iso3200,0.892358,0.834873,0.79895,0.892358,0.895
195,7.508,54.654,198.944,0.00475129,15ms/iso3200,0.897464,0.690924,0.803171,0.897463,0.895
196,8.924,55.196,199.105,0.0047599,15ms/iso3200,0.89909,0.843018,0.818575,0.89909,0.910
197,8.856,55.299,199.234,0.00476684,15ms/iso3200,0.900401,0.835746,0.82153,0.900402,0.912
198,9.048,55.238,199.001,0.00475435,15ms/iso3200,0.898042,0.856288,0.819784,0.898041,0.913
199,7.534,55.39,199.57,0.00478488,15ms/iso3200,0.903809,0.693676,0.824145,0.903808,0.912
200,7.584,55.562,199.825,0.00479866,15ms/iso3200,0.906411,0.699047,0.829078,0.906411,0.915
201,9.074,55.613,200.032,0.00480981,15ms/iso3200,0.908518,0.859062,0.830536,0.908517,0.914
202,8.986,55.809,200.075,0.00481212,15ms/iso3200,0.908954,0.849709,0.836202,0.908954,0.920
203,8.972,55.996,200.428,0.0048312,15ms/iso3200,0.912558,0.848187,0.841624,0.912558,0.922
204,9.105,56.142,200.733,0.00484773,15ms/iso3200,0.91568,0.862464,0.84587,0.91568,0.924
205,9.133,56.344,200.953,0.00485966,15ms/iso3200,0.917934,0.865395,0.851761,0.917933,0.928
206,7.836,56.404,200.704,0.00484615,15ms/iso3200,0.915382,0.726123,0.853522,0.915381,0.932
207,7.85,56.276,201.17,0.00487147,15ms/iso3200,0.920164,0.727622,0.849789,0.920163,0.924
208,9.288,56.388,201.108,0.00486809,15ms/iso3200,0.919526,0.882065,0.853053,0.919526,0.928
209,9.199,56.48,201.396,0.00488378,15ms/iso3200,0.92249,0.872555,0.855732,0.922489,0.928
210,9.32,56.408,201.585,0.00489406,15ms/iso3200,0.924431,0.885489,0.853626,0.92443,0.923
211,9.507,56.953,202.262,0.00493107,15ms/iso3200,0.931422,0.905606,0.869667,0.931422,0.934
212,8.045,57.205,202.274,0.00493173,15ms/iso3200,0.931547,0.748544,0.877146,0.931547,0.942
213,7.919,57.261,202.587,0.00494887,15ms/iso3200,0.934784,0.735051,0.878813,0.934784,0.940
214,9.45,57.387,202.542,0.00494641,15ms/iso3200,0.93432,0.899519,0.882564,0.93432,0.945
215,9.396,57.468,202.713,0.00495582,15ms/iso3200,0.936097,0.893701,0.884985,0.936098,0.945
216,8.023,57.587,202.842,0.00496289,15ms/iso3200,0.937433,0.746194,0.888551,0.937432,0.948
217,8.076,57.731,203.117,0.00497803,15ms/iso3200,0.940292,0.751878,0.892877,0.940293,0.950
218,9.655,57.803,203.113,0.0049778,15ms/iso3200,0.940249,0.921471,0.895026,0.940249,0.952
219,9.458,57.608,203.224,0.00498393,15ms/iso3200,0.941407,0.900325,0.889188,0.941407,0.945
220,9.608,57.959,203.639,0.00500685,15ms/iso3200,0.945736,0.916503,0.899753,0.945735,0.951
221,9.67,58.265,203.479,0.00499801,15ms/iso3200,0.944066,0.923127,0.908999,0.944066,0.963
222,8.226,58.281,204.129,0.00503396,15ms/iso3200,0.950857,0.768056,0.909492,0.950856,0.956
223,8.234,58.417,204.095,0.00503204,15ms/iso3200,0.950494,0.768907,0.913642,0.950494,0.961
224,9.73,58.445,203.806,0.00501607,15ms/iso3200,0.947478,0.929616,0.914492,0.947478,0.965
225,9.68,58.435,204.296,0.00504322,15ms/iso3200,0.952606,0.924223,0.914162,0.952607,0.960
226,8.14,58.731,204.504,0.00505477,15ms/iso3200,0.954788,0.758792,0.923219,0.954788,0.967
227,8.239,58.748,204.697,0.00506549,15ms/iso3200,0.956813,0.769444,0.923736,0.956812,0.965
228,9.761,58.987,204.975,0.00508097,15ms/iso3200,0.959737,0.932883,0.931076,0.959737,0.970
229,9.851,59.061,205.04,0.00508462,15ms/iso3200,0.960426,0.94255,0.933361,0.960426,0.972
230,8.313,58.539,204.38,0.00504786,15ms/iso3200,0.953482,0.777343,0.917339,0.953483,0.962
231,9.734,58.615,204.508,0.00505497,15ms/iso3200,0.954825,0.930019,0.91968,0.954825,0.963
232,9.901,59.306,205.141,0.00509021,15ms/iso3200,0.961482,0.947987,0.940919,0.961482,0.979
233,9.929,59.021,205.591,0.00511537,15ms/iso3200,0.966234,0.950941,0.932128,0.966234,0.965
234,9.971,59.357,205.781,0.00512603,15ms/iso3200,0.968248,0.955439,0.942507,0.968247,0.973
235,8.528,59.679,206.313,0.00515585,15ms/iso3200,0.973881,0.800503,0.952531,0.973881,0.978
236,8.476,59.84,205.875,0.00513127,15ms/iso3200,0.969238,0.794886,0.957556,0.969238,0.988
237,9.965,59.904,205.969,0.00513658,15ms/iso3200,0.970241,0.954812,0.959552,0.970239,0.989
238,10.029,59.519,206.093,0.00514353,15ms/iso3200,0.971553,0.961682,0.947547,0.971553,0.975
239,10.033,59.773,206.258,0.00515279,15ms/iso3200,0.973303,0.962062,0.955471,0.973302,0.982
240,8.572,60.156,207.017,0.00519554,15ms/iso3200,0.981377,0.805157,0.967488,0.981377,0.986
241,8.624,59.987,206.886,0.00518817,15ms/iso3200,0.979985,0.810751,0.962178,0.979984,0.982
242,10.089,60.013,206.912,0.00518959,15ms/iso3200,0.980254,0.968126,0.962969,0.980253,0.982
243,10.235,60.441,206.819,0.00518438,15ms/iso3200,0.979269,0.983835,0.97647,0.97927,0.997
244,10.2,60.731,207.464,0.00522081,15ms/iso3200,0.986151,0.980031,0.985674,0.98615,1.000
245,8.71,60.76,207.55,0.00522566,15ms/iso3200,0.987067,0.820015,0.986609,0.987066,1.000
246,10.229,60.363,207.155,0.00520331,15ms/iso3200,0.982845,0.983141,0.974013,0.982844,0.991
247,8.696,60.88,207.631,0.00523029,15ms/iso3200,0.987941,0.818471,0.990414,0.987941,1.003
248,10.25,60.885,207.472,0.00522126,15ms/iso3200,0.986236,0.985468,0.990566,0.986235,1.004
249,10.168,60.679,207.82,0.00524097,15ms/iso3200,0.989959,0.976607,0.984017,0.989958,0.994
250,10.253,60.783,207.86,0.00524324,15ms/iso3200,0.990387,0.985781,0.987318,0.990387,0.997
251,8.796,61.218,208.631,0.00528714,15ms/iso3200,0.99868,0.829301,1.00123,0.99868,1.003
252,10.34,61.274,208.521,0.00528086,15ms/iso3200,0.997493,0.995094,1.00303,0.997492,1.006
253,10.294,61.368,208.094,0.00525657,15ms/iso3200,0.992905,0.9901,1.00607,0.992904,1.013
254,10.424,61.302,208.571,0.0052837,15ms/iso3200,0.99803,1.00437,1.00393,0.998029,1.006
255,10.384,61.179,208.754,0.00529413,15ms/iso3200,1,1,1,1,1.000
