byte,source,light,light_norm,from_dark_norm,from_bright_norm,exposures_disagree_pct,confirmed_by_both
0,dark,0.0,0.0,,,,no
1,dark,0.0,0.0,,,,no
2,dark,715.3,0.05192,0.05192,0.04671,10.0,no
3,dark,1169.2,0.08487,0.08487,0.13549,37.4,no
4,dark,1556.8,0.11301,0.11301,0.19489,42.0,no
5,dark,1759.7,0.12774,0.12774,0.22995,44.5,no
6,dark,1992.6,0.14464,0.14464,0.2571,43.7,no
7,dark,2228.4,0.16175,0.16175,0.28213,42.7,no
8,dark,2438.7,0.17702,0.17702,0.29662,40.3,no
9,dark,2658.1,0.19295,0.19295,0.31395,38.5,no
10,dark,2880.2,0.20907,0.20907,0.33226,37.1,no
11,dark,3122.9,0.22669,0.22669,0.34828,34.9,no
12,dark,3306.5,0.24002,0.24002,0.35728,32.8,no
13,dark,3550.0,0.25769,0.25769,0.36616,29.6,no
14,dark,3755.6,0.27262,0.27262,0.3809,28.4,no
15,dark,3989.9,0.28962,0.28962,0.39474,26.6,no
16,dark,4178.2,0.30329,0.30329,0.40381,24.9,no
17,dark,4392.0,0.31881,0.31881,0.41018,22.3,no
18,dark,4580.1,0.33246,0.33246,0.42176,21.2,no
19,dark,4749.4,0.34475,0.34475,0.43209,20.2,no
20,dark,4914.7,0.35675,0.35675,0.43501,18.0,no
21,dark,5081.7,0.36887,0.36887,0.44528,17.2,no
22,dark,5261.6,0.38193,0.38193,0.4543,15.9,no
23,dark,5320.2,0.38619,0.38619,0.46368,16.7,no
24,dark,5431.4,0.39426,0.39426,0.47088,16.3,no
25,dark,5550.0,0.40287,0.40287,0.48154,16.3,no
26,dark,5639.5,0.40937,0.40937,0.49086,16.6,no
27,dark,5750.8,0.41745,0.41745,0.49918,16.4,no
28,dark,5848.4,0.42453,0.42453,0.5064,16.2,no
29,dark,5945.6,0.43158,0.43158,0.50875,15.2,no
30,dark,6041.7,0.43856,0.43856,0.50928,13.9,no
31,dark,6117.8,0.44409,0.44409,0.51778,14.2,no
32,dark,6257.3,0.45421,0.45421,0.52144,12.9,no
33,dark,6359.5,0.46163,0.46163,0.52625,12.3,no
34,dark,6467.0,0.46943,0.46943,0.53111,11.6,no
35,dark,6557.5,0.476,0.476,0.53696,11.4,no
36,dark,6667.3,0.48397,0.48397,0.54039,10.4,no
37,dark,6774.8,0.49177,0.49177,0.53872,8.7,no
38,dark,6853.5,0.49749,0.49749,0.54482,8.7,no
39,dark,6972.8,0.50615,0.50615,0.55242,8.4,no
40,dark,7056.3,0.51221,0.51221,0.55199,7.2,no
41,dark,7124.3,0.51715,0.51715,0.56066,7.8,no
42,dark,7229.9,0.52481,0.52481,0.56411,7.0,no
43,dark,7338.3,0.53268,0.53268,0.56335,5.4,no
44,dark,7450.8,0.54085,0.54085,0.56797,4.8,yes
45,dark,7534.5,0.54692,0.54692,0.57371,4.7,yes
46,dark,7614.4,0.55272,0.55272,0.57374,3.7,yes
47,dark,7676.0,0.55719,0.55719,0.57634,3.3,yes
48,dark,7773.1,0.56424,0.56424,0.5765,2.1,yes
49,dark,7846.5,0.56957,0.56957,0.58391,2.5,yes
50,dark,7909.3,0.57413,0.57413,0.58738,2.3,yes
51,dark,7971.1,0.57862,0.57862,0.5847,1.0,yes
52,dark,8004.7,0.58105,0.58105,0.59329,2.1,yes
53,dark,8063.8,0.58535,0.58535,0.59147,1.0,yes
54,dark,8159.6,0.5923,0.5923,0.59731,0.8,yes
55,dark,8184.7,0.59412,0.59412,0.60134,1.2,yes
56,dark,8289.8,0.60175,0.60175,0.60096,0.1,yes
57,dark,8323.7,0.60421,0.60421,0.60699,0.5,yes
58,dark,8393.0,0.60924,0.60924,0.60635,0.5,yes
59,dark,8427.6,0.61175,0.61175,0.61189,0.0,yes
60,dark,8491.9,0.61642,0.61642,0.61479,0.3,yes
61,dark,8522.4,0.61863,0.61863,0.61927,0.1,yes
62,dark,8608.3,0.62487,0.62487,0.62024,0.7,yes
63,dark,8663.8,0.6289,0.6289,0.62765,0.2,yes
64,dark,8721.9,0.63312,0.63312,0.62641,1.1,yes
65,dark,8783.8,0.63761,0.63761,0.63102,1.0,yes
66,dark,8824.3,0.64054,0.64054,0.63443,1.0,yes
67,dark,8854.2,0.64272,0.64272,0.63205,1.7,yes
68,dark,8929.3,0.64817,0.64817,0.64211,0.9,yes
69,dark,8973.4,0.65137,0.65137,0.64458,1.0,yes
70,dark,9009.0,0.65396,0.65396,0.64886,0.8,yes
71,dark,9088.3,0.65971,0.65971,0.65339,1.0,yes
72,dark,9131.4,0.66284,0.66284,0.65749,0.8,yes
73,dark,9179.9,0.66636,0.66636,0.66129,0.8,yes
74,dark,9235.2,0.67037,0.67037,0.66156,1.3,yes
75,dark,9268.2,0.67277,0.67277,0.668,0.7,yes
76,dark,9310.0,0.6758,0.6758,0.67303,0.4,yes
77,dark,9343.8,0.67826,0.67826,0.67289,0.8,yes
78,dark,9404.6,0.68267,0.68267,0.67687,0.8,yes
79,dark,9432.7,0.68471,0.68471,0.68295,0.3,yes
80,dark,9480.8,0.6882,0.6882,0.68497,0.5,yes
81,dark,9532.0,0.69192,0.69192,0.69124,0.1,yes
82,dark,9555.3,0.69361,0.69361,0.69238,0.2,yes
83,dark,9619.6,0.69828,0.69828,0.69939,0.2,yes
84,dark,9664.4,0.70153,0.70153,0.70344,0.3,yes
85,dark,9669.4,0.70189,0.70189,0.70716,0.7,yes
86,dark,9739.1,0.70695,0.70695,0.70801,0.2,yes
87,dark,9778.0,0.70978,0.70978,0.714,0.6,yes
88,dark,9815.5,0.7125,0.7125,0.71531,0.4,yes
89,dark,9852.9,0.71521,0.71521,0.71594,0.1,yes
90,dark,9897.4,0.71844,0.71844,0.71756,0.1,yes
91,dark,9920.0,0.72008,0.72008,0.71992,0.0,yes
92,dark,9958.7,0.72289,0.72289,0.72479,0.3,yes
93,dark,10017.7,0.72717,0.72717,0.72516,0.3,yes
94,dark,10062.1,0.73039,0.73039,0.72598,0.6,yes
95,dark,10075.8,0.7314,0.7314,0.72629,0.7,yes
96,dark,10120.0,0.7346,0.7346,0.73236,0.3,yes
97,dark,10179.5,0.73892,0.73892,0.73814,0.1,yes
98,dark,10214.8,0.74148,0.74148,0.73708,0.6,yes
99,dark,10256.5,0.74451,0.74451,0.73582,1.2,yes
100,dark,10284.3,0.74653,0.74653,0.74071,0.8,yes
101,dark,10316.3,0.74885,0.74885,0.74442,0.6,yes
102,dark,10368.5,0.75264,0.75264,0.74264,1.3,yes
103,dark,10403.4,0.75517,0.75517,0.74764,1.0,yes
104,dark,10440.9,0.7579,0.7579,0.74772,1.3,yes
105,dark,10475.7,0.76042,0.76042,0.75577,0.6,yes
106,dark,10502.0,0.76233,0.76233,0.75424,1.1,yes
107,dark,10536.7,0.76485,0.76485,0.75641,1.1,yes
108,dark,10568.5,0.76716,0.76716,0.76182,0.7,yes
109,dark,10606.4,0.76991,0.76991,0.75829,1.5,yes
110,dark,10651.6,0.77319,0.77319,0.7665,0.9,yes
111,dark,10681.8,0.77538,0.77538,0.76242,1.7,yes
112,dark,10709.4,0.77739,0.77739,0.76674,1.4,yes
113,dark,10744.6,0.77994,0.77994,0.76879,1.4,yes
114,dark,10767.5,0.7816,0.7816,0.77407,1.0,yes
115,dark,10815.2,0.78506,0.78506,0.77432,1.4,yes
116,dark,10855.3,0.78798,0.78798,0.77674,1.4,yes
117,dark,10887.7,0.79033,0.79033,0.77917,1.4,yes
118,dark,10893.5,0.79075,0.79075,0.77617,1.8,yes
119,dark,10930.6,0.79344,0.79344,0.78133,1.5,yes
120,dark,10961.0,0.79565,0.79565,0.78445,1.4,yes
121,dark,10982.3,0.79719,0.79719,0.78469,1.6,yes
122,dark,11003.6,0.79874,0.79874,0.79083,1.0,yes
123,dark,11051.1,0.80219,0.80219,0.79002,1.5,yes
124,dark,11069.8,0.80355,0.80355,0.79136,1.5,yes
125,dark,11096.8,0.8055,0.8055,0.79327,1.5,yes
126,dark,11117.8,0.80703,0.80703,0.79191,1.9,yes
127,dark,11124.2,0.80749,0.80749,0.79422,1.6,yes
128,dark,11155.0,0.80973,0.80973,0.79549,1.8,yes
129,dark,11178.2,0.81141,0.81141,0.80626,0.6,yes
130,dark,11198.3,0.81287,0.81287,0.80085,1.5,yes
131,dark,11235.6,0.81558,0.81558,0.80579,1.2,yes
132,dark,11223.0,0.81467,0.81467,0.8043,1.3,yes
133,dark,11263.1,0.81757,0.81757,0.81548,0.3,yes
134,dark,11290.8,0.81959,0.81959,0.81693,0.3,yes
135,dark,11296.9,0.82003,0.82003,0.81623,0.5,yes
136,dark,11326.8,0.8222,0.8222,0.8201,0.3,yes
137,dark,11339.0,0.82309,0.82309,0.81802,0.6,yes
138,dark,11355.2,0.82426,0.82426,0.81462,1.2,yes
139,dark,11380.5,0.8261,0.8261,0.82223,0.5,yes
140,dark,11397.2,0.82731,0.82731,0.8249,0.3,yes
141,dark,11415.2,0.82862,0.82862,0.82241,0.7,yes
142,dark,11443.0,0.83063,0.83063,0.83152,0.1,yes
143,dark,11445.9,0.83084,0.83084,0.83162,0.1,yes
144,dark,11459.5,0.83183,0.83183,0.83499,0.4,yes
145,dark,11495.7,0.83446,0.83446,0.83037,0.5,yes
146,dark,11507.0,0.83528,0.83528,0.83466,0.1,yes
147,dark,11535.9,0.83738,0.83738,0.83367,0.4,yes
148,dark,11569.6,0.83982,0.83982,0.84183,0.2,yes
149,dark,11578.5,0.84047,0.84047,0.84296,0.3,yes
150,dark,11579.5,0.84055,0.84055,0.84746,0.8,yes
151,dark,11612.4,0.84293,0.84293,0.84774,0.6,yes
152,dark,11633.6,0.84447,0.84447,0.84595,0.2,yes
153,dark,11665.3,0.84677,0.84677,0.85338,0.8,yes
154,dark,11675.0,0.84748,0.84748,0.85397,0.8,yes
155,dark,11697.6,0.84912,0.84912,0.85435,0.6,yes
156,dark,11713.3,0.85025,0.85025,0.85193,0.2,yes
157,dark,11722.7,0.85094,0.85094,0.85389,0.3,yes
158,dark,11739.6,0.85217,0.85217,0.86263,1.2,yes
159,dark,11757.1,0.85343,0.85343,0.85805,0.5,yes
160,dark,11775.9,0.8548,0.8548,0.86355,1.0,yes
161,dark,11801.1,0.85663,0.85663,0.86297,0.7,yes
162,dark,11809.5,0.85724,0.85724,0.86764,1.2,yes
163,dark,11841.4,0.85956,0.85956,0.8686,1.0,yes
164,dark,11843.0,0.85967,0.85967,0.86673,0.8,yes
165,dark,11857.9,0.86075,0.86075,0.87519,1.6,yes
166,dark,11863.6,0.86116,0.86116,0.87063,1.1,yes
167,dark,11885.2,0.86274,0.86274,0.87314,1.2,yes
168,dark,11911.1,0.86462,0.86462,0.87627,1.3,yes
169,dark,11924.5,0.86559,0.86559,0.88053,1.7,yes
170,dark,11940.8,0.86677,0.86677,0.88363,1.9,yes
171,dark,11959.7,0.86814,0.86814,0.88152,1.5,yes
172,dark,11974.9,0.86924,0.86924,0.88606,1.9,yes
173,dark,11984.1,0.86991,0.86991,0.88408,1.6,yes
174,dark,12003.3,0.87131,0.87131,0.89029,2.1,yes
175,dark,12035.4,0.87364,0.87364,0.88319,1.1,yes
176,dark,12046.1,0.87441,0.87441,0.89428,2.2,yes
177,dark,12054.7,0.87504,0.87504,0.89552,2.3,yes
178,dark,12087.7,0.87743,0.87743,0.89676,2.2,yes
179,dark,12099.3,0.87827,0.87827,0.89753,2.1,yes
180,dark,12120.9,0.87984,0.87984,0.89593,1.8,yes
181,dark,12115.0,0.87942,0.87942,0.8921,1.4,yes
182,dark,12138.6,0.88113,0.88113,0.896,1.7,yes
183,dark,12158.5,0.88257,0.88257,0.90547,2.5,yes
184,dark,12184.3,0.88445,0.88445,0.90293,2.0,yes
185,dark,12200.6,0.88563,0.88563,0.89864,1.4,yes
186,dark,12222.5,0.88722,0.88722,0.91037,2.5,yes
187,dark,12249.1,0.88915,0.88915,0.91311,2.6,yes
188,dark,12255.6,0.88962,0.88962,0.90539,1.7,yes
189,dark,12273.6,0.89092,0.89092,0.91167,2.3,yes
190,dark,12284.5,0.89172,0.89172,0.90736,1.7,yes
191,dark,12303.1,0.89307,0.89307,0.90963,1.8,yes
192,dark,12309.8,0.89356,0.89356,0.91981,2.9,yes
193,dark,12315.2,0.89395,0.89395,0.9183,2.7,yes
194,dark,12341.1,0.89583,0.89583,0.9138,2.0,yes
195,dark,12384.6,0.89898,0.89898,0.91662,1.9,yes
196,dark,12378.7,0.89855,0.89855,0.92075,2.4,yes
197,dark,12392.5,0.89956,0.89956,0.91473,1.7,yes
198,dark,12405.9,0.90053,0.90053,0.92073,2.2,yes
199,dark,12424.1,0.90185,0.90185,0.92234,2.2,yes
200,dark,12412.8,0.90103,0.90103,0.9234,2.4,yes
201,dark,12442.3,0.90317,0.90317,0.92916,2.8,yes
202,dark,12440.5,0.90304,0.90304,0.9225,2.1,yes
203,dark,12453.1,0.90396,0.90396,0.92152,1.9,yes
204,bright,12878.5,0.93484,0.90487,0.93484,3.2,yes
205,bright,12827.2,0.93111,0.90492,0.93111,2.8,yes
206,bright,12889.7,0.93565,0.90566,0.93565,3.2,yes
207,bright,12850.3,0.93279,0.90686,0.93279,2.8,yes
208,bright,12808.5,0.92976,0.90705,0.92976,2.4,yes
209,bright,12917.5,0.93767,0.90915,0.93767,3.0,yes
210,bright,12850.3,0.93279,0.90836,0.93279,2.6,yes
211,bright,12940.8,0.93936,0.91093,0.93936,3.0,yes
212,bright,12964.8,0.9411,0.91088,0.9411,3.2,yes
213,bright,12909.7,0.9371,0.91075,0.9371,2.8,yes
214,bright,13019.2,0.94505,0.91269,0.94505,3.4,yes
215,bright,12934.2,0.93888,0.91331,0.93888,2.7,yes
216,bright,13160.0,0.95527,0.91285,0.95527,4.4,yes
217,bright,13081.5,0.94957,0.91427,0.94957,3.7,yes
218,bright,13117.5,0.95219,0.91512,0.95219,3.9,yes
219,bright,13179.2,0.95666,0.9154,0.95666,4.3,yes
220,bright,13072.0,0.94888,0.91819,0.94888,3.2,yes
221,bright,13151.7,0.95467,0.91864,0.95467,3.8,yes
222,bright,13250.0,0.9618,0.91898,0.9618,4.5,yes
223,bright,13151.5,0.95465,0.91965,0.95465,3.7,yes
224,bright,13273.3,0.9635,0.92054,0.9635,4.5,yes
225,bright,13313.3,0.9664,0.92122,0.9664,4.7,yes
226,bright,13196.2,0.9579,0.9209,0.9579,3.9,yes
227,bright,13268.8,0.96317,0.92136,0.96317,4.3,yes
228,bright,13293.7,0.96498,0.92162,0.96498,4.5,yes
229,bright,13366.5,0.97026,0.92251,0.97026,4.9,yes
230,bright,13348.0,0.96892,0.92117,0.96892,4.9,yes
231,bright,13294.7,0.96505,0.92225,0.96505,4.4,yes
232,bright,13225.0,0.95999,0.92247,0.95999,3.9,yes
233,bright,13345.8,0.96876,0.92324,0.96876,4.7,yes
234,bright,13433.0,0.97509,0.92396,0.97509,5.2,no
235,bright,13371.8,0.97065,0.92505,0.97065,4.7,yes
236,bright,13388.3,0.97184,0.92574,0.97184,4.7,yes
237,bright,13458.2,0.97692,0.92633,0.97692,5.2,no
238,bright,13424.8,0.97449,0.92666,0.97449,4.9,yes
239,bright,13462.8,0.97725,0.92686,0.97725,5.2,no
240,bright,13379.0,0.97117,0.92767,0.97117,4.5,yes
241,bright,13439.7,0.97557,0.9275,0.97557,4.9,yes
242,bright,13535.0,0.98249,0.92943,0.98249,5.4,no
243,bright,13537.5,0.98267,0.93022,0.98267,5.3,no
244,bright,13413.0,0.97364,0.93156,0.97364,4.3,yes
245,bright,13469.8,0.97776,0.93173,0.97776,4.7,yes
246,bright,13647.3,0.99064,0.93193,0.99064,5.9,no
247,bright,13582.0,0.9859,0.93414,0.9859,5.3,no
248,bright,13687.8,0.99358,0.93302,0.99358,6.1,no
249,bright,13698.7,0.99437,0.93529,0.99437,5.9,no
250,bright,13688.3,0.99362,0.93591,0.99362,5.8,no
251,bright,13666.8,0.99206,0.93674,0.99206,5.6,no
252,bright,13757.3,0.99863,0.93825,0.99863,6.0,no
253,bright,13679.0,0.99294,0.93892,0.99294,5.4,no
254,bright,13694.2,0.99405,0.93935,0.99405,5.5,no
255,bright,13776.2,1.0,0.93882,1.0,6.1,no
