label,family,hold_ms,cmd_r,cmd_g,cmd_b,lin_r,lin_g,lin_b,lin_sum
ramp_0,brightness_ramp,2007,0,0,0,0.0,0.0,0.0,0.0
ramp_8,brightness_ramp,2005,8,8,8,2643.5,2286.5,2961.0,7891.0
ramp_16,brightness_ramp,2010,16,16,16,3288.5,2795.5,3827.0,9911.0
ramp_24,brightness_ramp,2006,24,24,24,3783.5,3233.0,4437.0,11453.5
ramp_32,brightness_ramp,2008,32,32,32,4149.5,3551.5,4930.0,12631.0
ramp_48,brightness_ramp,2007,48,48,48,4680.0,4059.5,5637.0,14376.5
ramp_64,brightness_ramp,2006,64,64,64,5071.5,4359.0,6541.5,15972.0
ramp_80,brightness_ramp,2007,80,80,80,5442.0,4727.0,7296.0,17465.0
ramp_96,brightness_ramp,2008,96,96,96,5750.5,5019.0,7755.5,18525.0
ramp_112,brightness_ramp,2006,112,112,112,6154.5,5537.0,8288.5,19980.0
ramp_128,brightness_ramp,2007,128,128,128,6489.5,5721.0,8733.5,20944.0
ramp_160,brightness_ramp,2007,160,160,160,6944.5,6336.0,9571.0,22851.5
ramp_192,brightness_ramp,2005,192,192,192,7587.5,6684.0,10255.5,24527.0
ramp_224,brightness_ramp,2006,224,224,224,7909.5,6997.5,10861.5,25768.5
ramp_255,brightness_ramp,2007,255,255,255,8210.0,7292.0,11439.5,26941.5
ramp_down_255,brightness_ramp,1206,255,255,255,8209.0,7275.5,11462.0,26946.5
ramp_down_224,brightness_ramp,1208,224,224,224,7937.0,7003.5,10915.0,25855.5
ramp_down_192,brightness_ramp,1208,192,192,192,7535.5,6678.5,10290.0,24504.0
ramp_down_160,brightness_ramp,1207,160,160,160,6836.5,6265.0,9489.0,22590.5
ramp_down_128,brightness_ramp,1207,128,128,128,6458.5,5694.0,8733.0,20885.5
ramp_down_112,brightness_ramp,1208,112,112,112,6068.0,5560.5,8333.5,19962.0
ramp_down_96,brightness_ramp,1206,96,96,96,5756.0,5041.0,7799.5,18596.5
ramp_down_80,brightness_ramp,1204,80,80,80,5450.0,4731.0,7338.5,17519.5
ramp_down_64,brightness_ramp,1206,64,64,64,5100.0,4385.5,6553.0,16038.5
ramp_down_48,brightness_ramp,1206,48,48,48,4648.5,4022.0,5657.5,14328.0
ramp_down_32,brightness_ramp,1206,32,32,32,4151.0,3578.0,4987.5,12716.5
ramp_down_24,brightness_ramp,1205,24,24,24,3800.0,3261.0,4467.5,11528.5
ramp_down_16,brightness_ramp,1209,16,16,16,3319.0,2852.5,3972.0,10143.5
ramp_down_8,brightness_ramp,1210,8,8,8,2653.5,2309.5,2987.5,7950.5
ramp_down_0,brightness_ramp,1206,0,0,0,0.0,0.0,0.0,0.0
dark_0,dark_ramp,1509,0,0,0,0.0,0.0,0.0,0.0
dark_1,dark_ramp,1506,1,1,1,0.0,0.0,0.0,0.0
dark_2,dark_ramp,1510,2,2,2,321.5,374.0,684.0,1379.5
dark_3,dark_ramp,1510,3,3,3,1079.5,1067.0,1723.0,3869.5
dark_4,dark_ramp,1510,4,4,4,1628.0,1524.5,2244.5,5397.0
dark_5,dark_ramp,1508,5,5,5,2046.0,1859.0,2541.5,6446.5
dark_6,dark_ramp,1508,6,6,6,2308.0,2040.0,2703.5,7051.5
dark_7,dark_ramp,1506,7,7,7,2491.0,2171.0,2848.0,7510.0
dark_8,dark_ramp,1508,8,8,8,2658.0,2310.5,2990.5,7959.0
dark_9,dark_ramp,1504,9,9,9,2810.0,2387.0,3095.5,8292.5
dark_10,dark_ramp,1508,10,10,10,2898.5,2460.5,3198.0,8557.0
dark_11,dark_ramp,1503,11,11,11,2988.5,2538.0,3298.0,8824.5
dark_12,dark_ramp,1508,12,12,12,3054.0,2581.0,3450.0,9085.0
dark_13,dark_ramp,1508,13,13,13,3138.0,2656.0,3545.0,9339.0
dark_14,dark_ramp,1508,14,14,14,3179.0,2701.5,3714.5,9595.0
dark_15,dark_ramp,1510,15,15,15,3261.0,2783.0,3840.5,9884.5
dark_16,dark_ramp,1510,16,16,16,3321.0,2830.5,3929.5,10081.0
dark_17,dark_ramp,1509,17,17,17,3373.0,2877.5,3949.5,10200.0
dark_18,dark_ramp,1505,18,18,18,3445.5,2955.5,4011.5,10412.5
dark_19,dark_ramp,1508,19,19,19,3494.0,2994.5,4093.5,10582.0
dark_20,dark_ramp,1507,20,20,20,3545.0,3052.0,4214.5,10811.5
dark_21,dark_ramp,1507,21,21,21,3582.0,3094.5,4234.0,10910.5
dark_22,dark_ramp,1508,22,22,22,3668.0,3192.5,4320.5,11181.0
dark_23,dark_ramp,1508,23,23,23,3713.0,3193.5,4391.0,11297.5
dark_24,dark_ramp,1507,24,24,24,3803.5,3253.0,4416.5,11473.0
dark_25,dark_ramp,1507,25,25,25,3852.5,3294.5,4521.5,11668.5
dark_26,dark_ramp,1506,26,26,26,3879.5,3334.5,4579.0,11793.0
dark_27,dark_ramp,1508,27,27,27,3943.5,3378.0,4664.5,11986.0
dark_28,dark_ramp,1509,28,28,28,3987.5,3417.5,4743.5,12148.5
dark_29,dark_ramp,1515,29,29,29,4020.5,3462.0,4803.0,12285.5
dark_30,dark_ramp,1509,30,30,30,4086.5,3498.0,4849.5,12434.0
dark_31,dark_ramp,1506,31,31,31,4120.5,3548.0,4921.5,12590.0
dark_32,dark_ramp,1510,32,32,32,4134.0,3567.0,4985.5,12686.5
dark_down_32,dark_ramp,1008,32,32,32,4141.5,3564.0,4970.0,12675.5
dark_down_28,dark_ramp,1007,28,28,28,3958.5,3425.5,4748.5,12132.5
dark_down_24,dark_ramp,1008,24,24,24,3810.0,3247.5,4431.0,11488.5
dark_down_20,dark_ramp,1007,20,20,20,3544.0,3031.5,4142.0,10717.5
dark_down_16,dark_ramp,1006,16,16,16,3297.0,2813.0,3855.5,9965.5
dark_down_12,dark_ramp,1005,12,12,12,3053.0,2612.0,3445.0,9110.0
dark_down_8,dark_ramp,1007,8,8,8,2648.0,2284.0,2983.0,7915.0
dark_down_4,dark_ramp,1007,4,4,4,1621.5,1487.5,2229.0,5338.0
dark_down_0,dark_ramp,1008,0,0,0,0.0,0.0,0.0,0.0
dark_phase2_marker,dark_ramp,1503,0,0,0,0.0,0.0,0.0,0.0
bright_1_colour,brightness_ramp,1507,96,96,96,327.0,374.5,685.5,1387.0
bright_2_colour,brightness_ramp,1507,96,96,96,327.0,375.5,685.5,1388.0
bright_3_colour,brightness_ramp,1508,96,96,96,1087.5,1043.5,1718.0,3849.0
bright_4_colour,brightness_ramp,1507,96,96,96,1631.5,1511.5,2229.0,5372.0
bright_5_colour,brightness_ramp,1507,96,96,96,2038.5,1829.5,2526.0,6394.0
bright_6_colour,brightness_ramp,1509,96,96,96,2337.5,2043.0,2704.0,7084.5
bright_7_colour,brightness_ramp,1507,96,96,96,2493.0,2170.0,2846.0,7509.0
bright_8_colour,brightness_ramp,1509,96,96,96,2653.0,2289.0,2985.0,7927.0
bright_9_colour,brightness_ramp,1508,96,96,96,2790.5,2363.5,3091.5,8245.5
bright_10_colour,brightness_ramp,1507,96,96,96,2905.0,2447.5,3190.0,8542.5
bright_11_colour,brightness_ramp,1508,96,96,96,2983.0,2519.5,3279.5,8782.0
bright_12_colour,brightness_ramp,1510,96,96,96,3060.0,2620.0,3457.0,9137.0
bright_13_colour,brightness_ramp,1506,96,96,96,3123.0,2680.5,3548.5,9352.0
bright_14_colour,brightness_ramp,1508,96,96,96,3198.0,2729.0,3690.5,9617.5
bright_15_colour,brightness_ramp,1508,96,96,96,3253.0,2766.5,3829.5,9849.0
bright_16_colour,brightness_ramp,1507,96,96,96,3300.0,2818.5,3856.5,9975.0
bright_17_colour,brightness_ramp,1506,96,96,96,3361.0,2879.0,3957.5,10197.5
bright_18_colour,brightness_ramp,1508,96,96,96,3456.0,2954.5,4032.0,10442.5
bright_19_colour,brightness_ramp,1507,96,96,96,3499.0,2996.5,4128.5,10624.0
bright_20_colour,brightness_ramp,1509,96,96,96,3529.0,3035.0,4181.0,10745.0
prim_r_0,primary_red,1508,0,0,0,0.0,0.0,0.0,0.0
prim_r_16,primary_red,1508,16,0,0,2748.0,1024.5,567.5,4340.0
prim_r_32,primary_red,1506,32,0,0,3481.0,1596.0,1010.5,6087.5
prim_r_64,primary_red,1508,64,0,0,4385.5,2072.0,1572.5,8030.0
prim_r_96,primary_red,1509,96,0,0,5367.0,2366.5,1954.0,9687.5
prim_r_128,primary_red,1508,128,0,0,6083.5,2578.5,2217.0,10879.0
prim_r_160,primary_red,1508,160,0,0,6659.5,2725.5,2431.0,11816.0
prim_r_192,primary_red,1509,192,0,0,7177.5,2860.0,2528.0,12565.5
prim_r_224,primary_red,1508,224,0,0,7621.0,2941.0,2584.0,13146.0
prim_r_255,primary_red,1507,255,0,0,8059.0,3009.0,2635.0,13703.0
prim_g_0,primary_green,1503,0,0,0,0.0,0.0,0.0,0.0
prim_g_16,primary_green,1507,0,16,0,1090.0,2381.0,2615.5,6086.5
prim_g_32,primary_green,1506,0,32,0,1905.0,3028.5,3281.0,8214.5
prim_g_64,primary_green,1510,0,64,0,2707.5,3928.0,4164.5,10800.0
prim_g_96,primary_green,1509,0,96,0,2993.5,4678.5,4793.0,12465.0
prim_g_128,primary_green,1508,0,128,0,3232.5,5289.5,5218.5,13740.5
prim_g_160,primary_green,1507,0,160,0,3402.0,5766.5,5571.0,14739.5
prim_g_192,primary_green,1506,0,192,0,3523.5,6234.0,5929.5,15687.0
prim_g_224,primary_green,1505,0,224,0,3597.5,6603.0,6198.0,16398.5
prim_g_255,primary_green,1507,0,255,0,3891.0,6957.0,6513.5,17361.5
prim_b_0,primary_blue,1508,0,0,0,0.0,0.0,0.0,0.0
prim_b_16,primary_blue,1509,0,0,16,686.5,1070.0,3379.0,5135.5
prim_b_32,primary_blue,1508,0,0,32,1227.5,1688.0,4037.0,6952.5
prim_b_64,primary_blue,1503,0,0,64,2017.5,2363.5,5384.5,9765.5
prim_b_96,primary_blue,1509,0,0,96,2488.0,2706.5,6889.5,12084.0
prim_b_128,primary_blue,1504,0,0,128,2754.5,2948.0,7718.5,13421.0
prim_b_160,primary_blue,1510,0,0,160,2949.0,3121.0,8325.0,14395.0
prim_b_192,primary_blue,1507,0,0,192,3088.5,3217.0,8673.0,14978.5
prim_b_224,primary_blue,1506,0,0,224,3205.5,3303.0,9019.0,15527.5
prim_b_255,primary_blue,1506,0,0,255,3247.5,3466.5,9516.5,16230.5
prim_pair_255_255_0,other,1504,255,255,0,8510.5,7061.5,6135.0,21707.0
prim_pair_0_255_255,other,1503,0,255,255,4319.0,6948.0,12151.5,23418.5
prim_pair_255_0_255,other,1508,255,0,255,7840.5,4136.5,10285.0,22262.0
prim_pair_128_128_0,other,1506,128,128,0,6643.0,5543.0,5101.0,17287.0
prim_pair_0_128_128,other,1503,0,128,128,3606.5,5324.5,8859.0,17790.0
prim_pair_128_0_128,other,1505,128,0,128,6085.5,3415.0,7486.5,16987.0
prim_white_255,other,1510,255,255,255,8224.5,7288.5,11419.5,26932.5
bxc_10_255_255_255,brightness_x_colour,1506,255,255,255,3886.0,3347.5,4582.0,11815.5
bxc_10_255_0_0,brightness_x_colour,1510,255,0,0,3286.5,1397.0,848.5,5532.0
bxc_10_0_255_0,brightness_x_colour,1508,0,255,0,1636.0,2792.0,3114.5,7542.5
bxc_10_0_0_255,brightness_x_colour,1509,0,0,255,1061.0,1494.0,3856.0,6411.0
bxc_10_255_120_0,brightness_x_colour,1509,255,120,0,3578.0,2535.5,2510.5,8624.0
bxc_25_255_255_255,brightness_x_colour,1507,255,255,255,5106.5,4379.0,6483.5,15969.0
bxc_25_255_0_0,brightness_x_colour,1506,255,0,0,4383.5,2069.0,1573.5,8026.0
bxc_25_0_255_0,brightness_x_colour,1507,0,255,0,2723.0,3929.5,4173.0,10825.5
bxc_25_0_0_255,brightness_x_colour,1509,0,0,255,1994.5,2356.5,5320.5,9671.5
bxc_25_255_120_0,brightness_x_colour,1505,255,120,0,4947.0,3455.5,3391.0,11793.5
bxc_50_255_255_255,brightness_x_colour,1506,255,255,255,6472.0,5741.0,8613.5,20826.5
bxc_50_255_0_0,brightness_x_colour,1507,255,0,0,6046.0,2574.0,2243.0,10863.0
bxc_50_0_255_0,brightness_x_colour,1506,0,255,0,3269.5,5277.0,5208.5,13755.0
bxc_50_0_0_255,brightness_x_colour,1505,0,0,255,2743.5,2948.0,7726.0,13417.5
bxc_50_255_120_0,brightness_x_colour,1508,255,120,0,6419.0,4264.5,4213.5,14897.0
bxc_75_255_255_255,brightness_x_colour,1506,255,255,255,7500.5,6631.0,10147.5,24279.0
bxc_75_255_0_0,brightness_x_colour,1508,255,0,0,7154.5,2845.0,2528.5,12528.0
bxc_75_0_255_0,brightness_x_colour,1505,0,255,0,3501.0,6246.0,5949.5,15696.5
bxc_75_0_0_255,brightness_x_colour,1507,0,0,255,3102.0,3207.5,8676.0,14985.5
bxc_75_255_120_0,brightness_x_colour,1509,255,120,0,7537.5,4899.5,4552.5,16989.5
bxc_100_255_255_255,brightness_x_colour,1507,255,255,255,8151.5,7241.5,11353.5,26746.5
bxc_100_255_0_0,brightness_x_colour,1510,255,0,0,8128.0,3021.0,2635.0,13784.0
bxc_100_0_255_0,brightness_x_colour,1508,0,255,0,3904.5,7027.0,6585.0,17516.5
bxc_100_0_0_255,brightness_x_colour,1508,0,0,255,3296.5,3466.0,9525.0,16287.5
bxc_100_255_120_0,brightness_x_colour,1509,255,120,0,8290.0,5563.5,4909.5,18763.0
cct_black,cct,807,0,0,0,0.0,0.0,0.0,0.0
cct_w0_c0,cct,1510,-3,-3,0,0.0,0.0,0.0,0.0
cct_w0_c25,cct,1507,-3,-3,25,0.0,0.0,0.0,0.0
cct_w0_c50,cct,1511,-3,-3,50,0.0,0.0,0.0,0.0
cct_w0_c75,cct,1508,-3,-3,75,0.0,0.0,0.0,0.0
cct_w0_c100,cct,1505,-3,-3,100,0.0,0.0,0.0,0.0
cct_w25_c0,cct,1507,-3,-3,2500,0.0,0.0,0.0,0.0
cct_w25_c25,cct,1507,-3,-3,2525,0.0,0.0,0.0,0.0
cct_w25_c50,cct,1507,-3,-3,2550,0.0,0.0,0.0,0.0
cct_w25_c75,cct,1508,-3,-3,2575,0.0,0.0,0.0,0.0
cct_w25_c100,cct,1507,-3,-3,2600,0.0,0.0,0.0,0.0
cct_w50_c0,cct,1507,-3,-3,5000,0.0,0.0,0.0,0.0
cct_w50_c25,cct,1506,-3,-3,5025,0.0,0.0,0.0,0.0
cct_w50_c50,cct,1510,-3,-3,5050,0.0,0.0,0.0,0.0
cct_w50_c75,cct,1509,-3,-3,5075,0.0,0.0,0.0,0.0
cct_w50_c100,cct,1508,-3,-3,5100,0.0,0.0,0.0,0.0
cct_w75_c0,cct,1507,-3,-3,7500,0.0,0.0,0.0,0.0
cct_w75_c25,cct,1507,-3,-3,7525,0.0,0.0,0.0,0.0
cct_w75_c50,cct,1511,-3,-3,7550,0.0,0.0,0.0,0.0
cct_w75_c75,cct,1509,-3,-3,7575,0.0,0.0,0.0,0.0
cct_w75_c100,cct,1509,-3,-3,7600,0.0,0.0,0.0,0.0
cct_w100_c0,cct,1507,-3,-3,10000,0.0,0.0,0.0,0.0
cct_w100_c25,cct,1507,-3,-3,10025,0.0,0.0,0.0,0.0
cct_w100_c50,cct,1507,-3,-3,10050,0.0,0.0,0.0,0.0
cct_w100_c75,cct,1517,-3,-3,10075,0.0,0.0,0.0,0.0
cct_w100_c100,cct,1507,-3,-3,10100,0.0,0.0,0.0,0.0
trans_0_from_0_0_0,transition,1806,0,0,0,0.0,0.0,0.0,0.0
trans_0_to_255_255_255,transition,1807,255,255,255,8224.0,7279.0,11378.0,26881.0
trans_0_from_255_0_0,transition,1808,255,0,0,8190.0,3035.0,2645.0,13870.0
trans_0_to_0_0_255,transition,1807,0,0,255,3288.0,3459.5,9566.5,16314.0
trans_0_from_0_255_0,transition,1806,0,255,0,3861.5,6998.0,6603.0,17462.5
trans_0_to_255_0_255,transition,1806,255,0,255,7847.5,4128.5,10286.0,22262.0
trans_0_from_255_255_255,transition,1809,255,255,255,8204.0,7263.5,11375.5,26843.0
trans_0_to_0_0_0,transition,1809,0,0,0,0.0,0.0,0.0,0.0
trans_1_from_0_0_0,transition,1807,0,0,0,0.0,0.0,0.0,0.0
trans_1_to_255_255_255,transition,1806,255,255,255,8126.5,7214.5,11268.5,26609.5
trans_1_from_255_0_0,transition,1810,255,0,0,8192.5,3025.0,2664.0,13881.5
trans_1_to_0_0_255,transition,1805,0,0,255,3301.0,3463.5,9460.5,16225.0
trans_1_from_0_255_0,transition,1808,0,255,0,3834.0,6968.0,6602.5,17404.5
trans_1_to_255_0_255,transition,1807,255,0,255,7796.5,4089.5,10225.5,22111.5
trans_1_from_255_255_255,transition,1807,255,255,255,8157.5,7241.5,11327.0,26726.0
trans_1_to_0_0_0,transition,1808,0,0,0,0.0,0.0,0.0,0.0
trans_2_from_0_0_0,transition,1808,0,0,0,0.0,0.0,0.0,0.0
trans_2_to_255_255_255,transition,1805,255,255,255,8197.0,7262.0,11368.5,26827.5
trans_2_from_255_0_0,transition,1807,255,0,0,8160.5,3022.5,2645.0,13828.0
trans_2_to_0_0_255,transition,1807,0,0,255,3295.5,3455.0,9437.5,16188.0
trans_2_from_0_255_0,transition,1808,0,255,0,3857.0,6996.0,6563.5,17416.5
trans_2_to_255_0_255,transition,1807,255,0,255,7836.5,4122.5,10308.5,22267.5
trans_2_from_255_255_255,transition,1808,255,255,255,8058.5,7171.5,11191.5,26421.5
trans_2_to_0_0_0,transition,1810,0,0,0,0.0,0.0,0.0,0.0
wt_plain_0_black,write_type,1208,-4,-4,0,0.0,0.0,0.0,0.0
wt_plain_0_white,write_type,1208,-4,-4,255,8123.5,7211.0,11278.5,26613.0
wt_plain_1_black,write_type,1207,-4,-4,0,0.0,0.0,0.0,0.0
wt_plain_1_white,write_type,1209,-4,-4,255,8101.5,7172.0,11206.5,26480.0
wt_plain_2_black,write_type,1208,-4,-4,0,0.0,0.0,0.0,0.0
wt_plain_2_white,write_type,1210,-4,-4,255,8132.0,7192.5,11291.0,26615.5
wt_plain_3_black,write_type,1208,-4,-4,0,0.0,0.0,0.0,0.0
wt_plain_3_white,write_type,1205,-4,-4,255,8089.5,7184.0,11206.0,26479.5
wt_plain_4_black,write_type,1207,-4,-4,0,0.0,0.0,0.0,0.0
wt_plain_4_white,write_type,1207,-4,-4,255,8111.0,7210.0,11270.5,26591.5
wt_plain_5_black,write_type,1208,-4,-4,0,0.0,0.0,0.0,0.0
wt_plain_5_white,write_type,1207,-4,-4,255,8177.0,7233.0,11318.5,26728.5
wt_music_0_black,write_type,1208,-4,-4,0,0.0,0.0,0.0,0.0
wt_music_0_white,write_type,1209,-4,-4,255,8094.5,7183.0,11232.0,26509.5
wt_music_1_black,write_type,1209,-4,-4,0,0.0,0.0,0.0,0.0
wt_music_1_white,write_type,1207,-4,-4,255,8094.0,7178.5,11229.0,26501.5
wt_music_2_black,write_type,1209,-4,-4,0,0.0,0.0,0.0,0.0
wt_music_2_white,write_type,1204,-4,-4,255,8100.0,7214.0,11263.5,26577.5
wt_music_3_black,write_type,1207,-4,-4,0,0.0,0.0,0.0,0.0
wt_music_3_white,write_type,1209,-4,-4,255,8124.5,7189.0,11246.5,26560.0
wt_music_4_black,write_type,1207,-4,-4,0,0.0,0.0,0.0,0.0
wt_music_4_white,write_type,1207,-4,-4,255,8075.5,7187.5,11215.5,26478.5
wt_music_5_black,write_type,1216,-4,-4,0,0.0,0.0,0.0,0.0
wt_music_5_white,write_type,1201,-4,-4,255,8085.5,7164.0,11181.0,26430.5
wt_burst_plain_end,write_type,2000,-4,-4,-4,0.0,0.0,0.0,0.0
wt_burst_music_end,write_type,2000,-4,-4,-4,0.0,0.0,0.0,0.0
wt_interleave_start,write_type,2211,-4,-4,-4,6813.5,3277.0,5963.0,16053.5
wt_interleave_end,write_type,1508,-4,-4,-4,3289.0,3457.5,9470.5,16217.0
