label,frames_from_first_movement_to_settled,ms_from_first_movement_to_settled,verdict
trans_0_to_255_255_255,1,33,step (within one frame)
trans_0_from_255_0_0,0,0,step (within one frame)
trans_0_to_0_0_255,0,0,step (within one frame)
trans_0_to_255_0_255,1,33,step (within one frame)
trans_0_from_255_255_255,0,0,step (within one frame)
trans_0_to_0_0_0,0,0,step (within one frame)
trans_1_to_255_255_255,1,33,step (within one frame)
trans_1_from_255_0_0,1,33,step (within one frame)
trans_1_to_0_0_255,0,0,step (within one frame)
trans_1_to_255_0_255,1,33,step (within one frame)
trans_1_from_255_255_255,1,33,step (within one frame)
trans_1_to_0_0_0,1,33,step (within one frame)
trans_2_to_255_255_255,1,33,step (within one frame)
trans_2_from_255_0_0,0,0,step (within one frame)
trans_2_to_0_0_255,0,0,step (within one frame)
trans_2_to_255_0_255,1,33,step (within one frame)
trans_2_from_255_255_255,1,33,step (within one frame)
trans_2_to_0_0_0,1,33,step (within one frame)
